[1m[31m[31mX [41;31m[[41;97mERROR[41;31m][0m [1mTS2533: Object is possibly 'null' or 'undefined'.[0m [1m[35m[plugin angular-compiler][0m

    src/app/features/salidas/salidas.page.html:147:96:
[37m      147 │ ...name ? "Repartidor: " + run.driver.[32mname[37m : "Sin repartidor" }}</p>
          ╵                                       [32m~~~~[0m

  Error occurs in the template of component SalidasPage.

    src/app/features/salidas/salidas.page.ts:31:15:
[37m      31 │   templateUrl: [32m"./salidas.page.html"[37m,
         ╵                [32m~~~~~~~~~~~~~~~~~~~~~[0m

[39m[22m
[1m[31m[31mX [41;31m[[41;97mERROR[41;31m][0m [1mTS2551: Property 'programadosStops' does not exist on type 'RouteBoardGroup'. Did you mean 'programados'?[0m [1m[35m[plugin angular-compiler][0m

    src/app/features/salidas/salidas.page.html:97:72:
[37m      97 │ ...alue chip-value-accent">{{ group.[32mprogramadosStops[37m.length }}</span>
         ╵                                     [32m~~~~~~~~~~~~~~~~[0m

  Error occurs in the template of component SalidasPage.

    src/app/features/salidas/salidas.page.ts:33:15:
[37m      33 │   templateUrl: [32m"./salidas.page.html"[37m,
         ╵                [32m~~~~~~~~~~~~~~~~~~~~~[0m


[31mX [41;31m[[41;97mERROR[41;31m][0m [1mTS2551: Property 'programadosRun' does not exist on type 'RouteBoardGroup'. Did you mean 'programados'?[0m [1m[35m[plugin angular-compiler][0m

    src/app/features/salidas/salidas.page.html:126:27:
[37m      126 │                 @if (group.[32mprogramadosRun[37m; as run) {
          ╵                            [32m~~~~~~~~~~~~~~[0m

  Error occurs in the template of component SalidasPage.

    src/app/features/salidas/salidas.page.ts:33:15:
[37m      33 │   templateUrl: [32m"./salidas.page.html"[37m,
         ╵                [32m~~~~~~~~~~~~~~~~~~~~~[0m


[31mX [41;31m[[41;97mERROR[41;31m][0m [1mTS2551: Property 'programadosRun' does not exist on type 'RouteBoardGroup'. Did you mean 'programados'?[0m [1m[35m[plugin angular-compiler][0m

    src/app/features/salidas/salidas.page.html:126:27:
[37m      126 │                 @if (group.[32mprogramadosRun[37m; as run) {
          ╵                            [32m~~~~~~~~~~~~~~[0m

  Error occurs in the template of component SalidasPage.

    src/app/features/salidas/salidas.page.ts:33:15:
[37m      33 │   templateUrl: [32m"./salidas.page.html"[37m,
         ╵                [32m~~~~~~~~~~~~~~~~~~~~~[0m

[39m[22m
[1m[31m[31mX [41;31m[[41;97mERROR[41;31m][0m [1mTS2740: Type '{ uid: string; email: any; displayName: any; roleId: "super_admin" | "admin" | "operativo" | "repartidor"; isActive: boolean; createdAt: any; updatedAt: any; }' is missing the following properties from type 'UserDoc': authEmail, username, loginType, mustChangePassword, and 2 more.[0m [1m[35m[plugin angular-compiler][0m

    src/app/services/users.service.ts:55:6:
[37m      55 │       [32mreturn[37m {
         ╵       [32m~~~~~~[0m


[31mX [41;31m[[41;97mERROR[41;31m][0m [1mTS2740: Type '{ uid: string; email: string; displayName: any; roleId: "super_admin" | "admin" | "operativo" | "repartidor"; isActive: boolean; createdAt: null; updatedAt: null; }' is missing the following properties from type 'UserDoc': authEmail, username, loginType, mustChangePassword, and 2 more.[0m [1m[35m[plugin angular-compiler][0m

    src/app/services/users.service.ts:80:4:
[37m      80 │     [32mreturn[37m {
         ╵     [32m~~~~~~[0m


[31mX [41;31m[[41;97mERROR[41;31m][0m [1mTS2740: Type '{ uid: string; email: any; displayName: any; roleId: "super_admin" | "admin" | "operativo" | "repartidor"; isActive: boolean; createdAt: any; updatedAt: any; }' is missing the following properties from type 'UserDoc': authEmail, username, loginType, mustChangePassword, and 2 more.[0m [1m[35m[plugin angular-compiler][0m

    src/app/services/users.service.ts:131:4:
[37m      131 │     [32mreturn[37m {
          ╵     [32m~~~~~~[0m

[39m[22m
[1m[31m[31mX [41;31m[[41;97mERROR[41;31m][0m [1mTS2740: Type '{ uid: string; email: any; displayName: any; roleId: "super_admin" | "admin" | "operativo" | "repartidor"; isActive: boolean; createdAt: any; updatedAt: any; }' is missing the following properties from type 'UserDoc': authEmail, username, loginType, mustChangePassword, and 2 more.[0m [1m[35m[plugin angular-compiler][0m

    src/app/services/users.service.ts:55:6:
[37m      55 │       [32mreturn[37m {
         ╵       [32m~~~~~~[0m


[31mX [41;31m[[41;97mERROR[41;31m][0m [1mTS2740: Type '{ uid: string; email: string; displayName: any; roleId: "super_admin" | "admin" | "operativo" | "repartidor"; isActive: boolean; createdAt: null; updatedAt: null; }' is missing the following properties from type 'UserDoc': authEmail, username, loginType, mustChangePassword, and 2 more.[0m [1m[35m[plugin angular-compiler][0m

    src/app/services/users.service.ts:80:4:
[37m      80 │     [32mreturn[37m {
         ╵     [32m~~~~~~[0m


[31mX [41;31m[[41;97mERROR[41;31m][0m [1mTS2740: Type '{ uid: string; email: any; displayName: any; roleId: "super_admin" | "admin" | "operativo" | "repartidor"; isActive: boolean; createdAt: any; updatedAt: any; }' is missing the following properties from type 'UserDoc': authEmail, username, loginType, mustChangePassword, and 2 more.[0m [1m[35m[plugin angular-compiler][0m

    src/app/services/users.service.ts:131:4:
[37m      131 │     [32mreturn[37m {
          ╵     [32m~~~~~~[0m

[39m[22m
[1m[31m[31mX [41;31m[[41;97mERROR[41;31m][0m [1mTS2307: Cannot find module '../services/users.service' or its corresponding type declarations.[0m [1m[35m[plugin angular-compiler][0m

    src/app/core/authz.service.ts:17:29:
[37m      17 │ import { UsersService } from [32m"../services/users.service"[37m;
         ╵                              [32m~~~~~~~~~~~~~~~~~~~~~~~~~~~[0m


[31mX [41;31m[[41;97mERROR[41;31m][0m [1mTS2571: Object is of type 'unknown'.[0m [1m[35m[plugin angular-compiler][0m

    src/app/core/authz.service.ts:84:28:
[37m      84 │       const userDoc = await [32mthis.users[37m.ensureFromAuth(current);
         ╵                             [32m~~~~~~~~~~[0m


[31mX [41;31m[[41;97mERROR[41;31m][0m [1mTS2307: Cannot find module '../../services/users.service' or its corresponding type declarations.[0m [1m[35m[plugin angular-compiler][0m

    src/app/features/usuarios/usuarios.ts:17:29:
[37m      17 │ import { UsersService } from [32m"../../services/users.service"[37m;
         ╵                              [32m~~~~~~~~~~~~~~~~~~~~~~~~~~~~~~[0m


[31mX [41;31m[[41;97mERROR[41;31m][0m [1mTS2571: Object is of type 'unknown'.[0m [1m[35m[plugin angular-compiler][0m

    src/app/features/usuarios/usuarios.ts:106:48:
[37m      106 │ ...] = await Promise.all([[32mthis.usersService[37m.listUsers(), this.rol...
          ╵                           [32m~~~~~~~~~~~~~~~~~[0m


[31mX [41;31m[[41;97mERROR[41;31m][0m [1mTS7006: Parameter 'row' implicitly has an 'any' type.[0m [1m[35m[plugin angular-compiler][0m

    src/app/features/usuarios/usuarios.ts:110:39:
[37m      110 │ ...onst targetRole = roles.find(([32mrow[37m) => row.roleId === this.sele...
          ╵                                  [32m~~~[0m


[31mX [41;31m[[41;97mERROR[41;31m][0m [1mTS2571: Object is of type 'unknown'.[0m [1m[35m[plugin angular-compiler][0m

    src/app/features/usuarios/usuarios.ts:181:12:
[37m      181 │       await [32mthis.usersService[37m.saveUser({
          ╵             [32m~~~~~~~~~~~~~~~~~[0m


[31mX [41;31m[[41;97mERROR[41;31m][0m [1mTS2571: Object is of type 'unknown'.[0m [1m[35m[plugin angular-compiler][0m

    src/app/features/usuarios/usuarios.ts:204:12:
[37m      204 │       await [32mthis.usersService[37m.setActive(row.uid, false);
          ╵             [32m~~~~~~~~~~~~~~~~~[0m


[31mX [41;31m[[41;97mERROR[41;31m][0m [1mCould not resolve "../services/users.service"[0m

    src/app/core/authz.service.ts:6:29:
[37m      6 │ import { UsersService } from [32m"../services/users.service"[37m;
        ╵                              [32m~~~~~~~~~~~~~~~~~~~~~~~~~~~[0m


[31mX [41;31m[[41;97mERROR[41;31m][0m [1mCould not resolve "../../services/users.service"[0m

    src/app/features/usuarios/usuarios.ts:6:29:
[37m      6 │ import { UsersService } from [32m"../../services/users.service"[37m;
        ╵                              [32m~~~~~~~~~~~~~~~~~~~~~~~~~~~~~~[0m

[39m[22m
[1m[31m[31mX [41;31m[[41;97mERROR[41;31m][0m [1mTS2307: Cannot find module '../services/users.service' or its corresponding type declarations.[0m [1m[35m[plugin angular-compiler][0m

    src/app/core/authz.service.ts:17:29:
[37m      17 │ import { UsersService } from [32m"../services/users.service"[37m;
         ╵                              [32m~~~~~~~~~~~~~~~~~~~~~~~~~~~[0m


[31mX [41;31m[[41;97mERROR[41;31m][0m [1mTS2571: Object is of type 'unknown'.[0m [1m[35m[plugin angular-compiler][0m

    src/app/core/authz.service.ts:84:28:
[37m      84 │       const userDoc = await [32mthis.users[37m.ensureFromAuth(current);
         ╵                             [32m~~~~~~~~~~[0m


[31mX [41;31m[[41;97mERROR[41;31m][0m [1mTS2307: Cannot find module '../../services/users.service' or its corresponding type declarations.[0m [1m[35m[plugin angular-compiler][0m

    src/app/features/usuarios/usuarios.ts:17:29:
[37m      17 │ import { UsersService } from [32m"../../services/users.service"[37m;
         ╵                              [32m~~~~~~~~~~~~~~~~~~~~~~~~~~~~~~[0m


[31mX [41;31m[[41;97mERROR[41;31m][0m [1mTS2571: Object is of type 'unknown'.[0m [1m[35m[plugin angular-compiler][0m

    src/app/features/usuarios/usuarios.ts:106:48:
[37m      106 │ ...] = await Promise.all([[32mthis.usersService[37m.listUsers(), this.rol...
          ╵                           [32m~~~~~~~~~~~~~~~~~[0m


[31mX [41;31m[[41;97mERROR[41;31m][0m [1mTS7006: Parameter 'row' implicitly has an 'any' type.[0m [1m[35m[plugin angular-compiler][0m

    src/app/features/usuarios/usuarios.ts:110:39:
[37m      110 │ ...onst targetRole = roles.find(([32mrow[37m) => row.roleId === this.sele...
          ╵                                  [32m~~~[0m


[31mX [41;31m[[41;97mERROR[41;31m][0m [1mTS2571: Object is of type 'unknown'.[0m [1m[35m[plugin angular-compiler][0m

    src/app/features/usuarios/usuarios.ts:181:12:
[37m      181 │       await [32mthis.usersService[37m.saveUser({
          ╵             [32m~~~~~~~~~~~~~~~~~[0m


[31mX [41;31m[[41;97mERROR[41;31m][0m [1mTS2571: Object is of type 'unknown'.[0m [1m[35m[plugin angular-compiler][0m

    src/app/features/usuarios/usuarios.ts:204:12:
[37m      204 │       await [32mthis.usersService[37m.setActive(row.uid, false);
          ╵             [32m~~~~~~~~~~~~~~~~~[0m


[31mX [41;31m[[41;97mERROR[41;31m][0m [1mCould not resolve "../services/users.service"[0m

    src/app/core/authz.service.ts:6:29:
[37m      6 │ import { UsersService } from [32m"../services/users.service"[37m;
        ╵                              [32m~~~~~~~~~~~~~~~~~~~~~~~~~~~[0m


[31mX [41;31m[[41;97mERROR[41;31m][0m [1mCould not resolve "../../services/users.service"[0m

    src/app/features/usuarios/usuarios.ts:6:29:
[37m      6 │ import { UsersService } from [32m"../../services/users.service"[37m;
        ╵                              [32m~~~~~~~~~~~~~~~~~~~~~~~~~~~~~~[0m

[39m[22m
[1m[31m[31mX [41;31m[[41;97mERROR[41;31m][0m [1mTS2307: Cannot find module './authz.service' or its corresponding type declarations.[0m [1m[35m[plugin angular-compiler][0m

    src/app/core/access.service.ts:2:29:
[37m      2 │ import { AuthzService } from [32m"./authz.service"[37m;
        ╵                              [32m~~~~~~~~~~~~~~~~~[0m


[31mX [41;31m[[41;97mERROR[41;31m][0m [1mTS2571: Object is of type 'unknown'.[0m [1m[35m[plugin angular-compiler][0m

    src/app/core/access.service.ts:111:17:
[37m      111 │     const user = [32mthis.authz[37m.currentUserSig();
          ╵                  [32m~~~~~~~~~~[0m


[31mX [41;31m[[41;97mERROR[41;31m][0m [1mTS2571: Object is of type 'unknown'.[0m [1m[35m[plugin angular-compiler][0m

    src/app/core/access.service.ts:125:27:
[37m      125 │   loading = computed(() => [32mthis.authz[37m.loadingSig());
          ╵                            [32m~~~~~~~~~~[0m


[31mX [41;31m[[41;97mERROR[41;31m][0m [1mTS2571: Object is of type 'unknown'.[0m [1m[35m[plugin angular-compiler][0m

    src/app/core/access.service.ts:127:32:
[37m      127 │   isSuperAdmin = computed(() => [32mthis.authz[37m.isSuperAdmin());
          ╵                                 [32m~~~~~~~~~~[0m


[31mX [41;31m[[41;97mERROR[41;31m][0m [1mTS2571: Object is of type 'unknown'.[0m [1m[35m[plugin angular-compiler][0m

    src/app/core/access.service.ts:135:10:
[37m      135 │     await [32mthis.authz[37m.refresh();
          ╵           [32m~~~~~~~~~~[0m


[31mX [41;31m[[41;97mERROR[41;31m][0m [1mTS2571: Object is of type 'unknown'.[0m [1m[35m[plugin angular-compiler][0m

    src/app/core/access.service.ts:140:11:
[37m      140 │     return [32mthis.authz[37m.canSection(SECTION_BY_PERMISSION[permission]);
          ╵            [32m~~~~~~~~~~[0m


[31mX [41;31m[[41;97mERROR[41;31m][0m [1mTS2571: Object is of type 'unknown'.[0m [1m[35m[plugin angular-compiler][0m

    src/app/core/access.service.ts:144:35:
[37m      144 │ ...turn this.can("usuarios") || [32mthis.authz[37m.canCap("cap.users.view");
          ╵                                 [32m~~~~~~~~~~[0m


[31mX [41;31m[[41;97mERROR[41;31m][0m [1mTS2571: Object is of type 'unknown'.[0m [1m[35m[plugin angular-compiler][0m

    src/app/core/access.service.ts:148:11:
[37m      148 │     return [32mthis.authz[37m.isSuperAdmin() || this.authz.canCap("cap.us...
          ╵            [32m~~~~~~~~~~[0m


[31mX [41;31m[[41;97mERROR[41;31m][0m [1mTS2571: Object is of type 'unknown'.[0m [1m[35m[plugin angular-compiler][0m

    src/app/core/access.service.ts:148:40:
[37m      148 │ ...this.authz.isSuperAdmin() || [32mthis.authz[37m.canCap("cap.users.edit");
          ╵                                 [32m~~~~~~~~~~[0m


[31mX [41;31m[[41;97mERROR[41;31m][0m [1mTS2307: Cannot find module './authz.service' or its corresponding type declarations.[0m [1m[35m[plugin angular-compiler][0m

    src/app/core/authz.guard.ts:3:29:
[37m      3 │ import { AuthzService } from [32m"./authz.service"[37m;
        ╵                              [32m~~~~~~~~~~~~~~~~~[0m


[31mX [41;31m[[41;97mERROR[41;31m][0m [1mTS18046: 'authz' is of type 'unknown'.[0m [1m[35m[plugin angular-compiler][0m

    src/app/core/authz.guard.ts:11:8:
[37m      11 │   await [32mauthz[37m.refresh();
         ╵         [32m~~~~~[0m


[31mX [41;31m[[41;97mERROR[41;31m][0m [1mTS18046: 'authz' is of type 'unknown'.[0m [1m[35m[plugin angular-compiler][0m

    src/app/core/authz.guard.ts:12:18:
[37m      12 │   const current = [32mauthz[37m.currentUserSig();
         ╵                   [32m~~~~~[0m


[31mX [41;31m[[41;97mERROR[41;31m][0m [1mTS18046: 'authz' is of type 'unknown'.[0m [1m[35m[plugin angular-compiler][0m

    src/app/core/authz.guard.ts:19:26:
[37m      19 │   if (requiredSection && ![32mauthz[37m.canSection(requiredSection)) {
         ╵                           [32m~~~~~[0m


[31mX [41;31m[[41;97mERROR[41;31m][0m [1mTS18046: 'authz' is of type 'unknown'.[0m [1m[35m[plugin angular-compiler][0m

    src/app/core/authz.guard.ts:23:29:
[37m      23 │   if (requiredCapability && ![32mauthz[37m.canCap(requiredCapability)) {
         ╵                              [32m~~~~~[0m


[31mX [41;31m[[41;97mERROR[41;31m][0m [1mTS2307: Cannot find module '../../core/authz.service' or its corresponding type declarations.[0m [1m[35m[plugin angular-compiler][0m

    src/app/features/pedidos/pedido-detalle.ts:15:29:
[37m      15 │ import { AuthzService } from [32m"../../core/authz.service"[37m;
         ╵                              [32m~~~~~~~~~~~~~~~~~~~~~~~~~~[0m


[31mX [41;31m[[41;97mERROR[41;31m][0m [1mTS2571: Object is of type 'unknown'.[0m [1m[35m[plugin angular-compiler][0m

    src/app/features/pedidos/pedido-detalle.ts:359:11:
[37m      359 │     return [32mthis.authz[37m.canCap(key);
          ╵            [32m~~~~~~~~~~[0m


[31mX [41;31m[[41;97mERROR[41;31m][0m [1mTS2571: Object is of type 'unknown'.[0m [1m[35m[plugin angular-compiler][0m

    src/app/features/pedidos/pedido-detalle.ts:371:17:
[37m      371 │     const role = [32mthis.authz[37m.currentUserSig()?.roleId || "";
          ╵                  [32m~~~~~~~~~~[0m


[31mX [41;31m[[41;97mERROR[41;31m][0m [1mTS2571: Object is of type 'unknown'.[0m [1m[35m[plugin angular-compiler][0m

    src/app/features/pedidos/pedido-detalle.ts:2469:17:
[37m      2469 │     const user = [32mthis.authz[37m.currentUserSig();
           ╵                  [32m~~~~~~~~~~[0m


[31mX [41;31m[[41;97mERROR[41;31m][0m [1mTS2307: Cannot find module '../../core/authz.service' or its corresponding type declarations.[0m [1m[35m[plugin angular-compiler][0m

    src/app/features/salidas/salida-detalle.page.ts:4:29:
[37m      4 │ import { AuthzService } from [32m"../../core/authz.service"[37m;
        ╵                              [32m~~~~~~~~~~~~~~~~~~~~~~~~~~[0m


[31mX [41;31m[[41;97mERROR[41;31m][0m [1mTS2571: Object is of type 'unknown'.[0m [1m[35m[plugin angular-compiler][0m

    src/app/features/salidas/salida-detalle.page.ts:31:22:
[37m      31 │   canSchedule = () => [32mthis.authz[37m.canCap("cap.runs.schedule");
         ╵                       [32m~~~~~~~~~~[0m


[31mX [41;31m[[41;97mERROR[41;31m][0m [1mTS2571: Object is of type 'unknown'.[0m [1m[35m[plugin angular-compiler][0m

    src/app/features/salidas/salida-detalle.page.ts:32:26:
[37m      32 │   canAssignDriver = () => [32mthis.authz[37m.canCap("cap.runs.assign_drive...
         ╵                           [32m~~~~~~~~~~[0m


[31mX [41;31m[[41;97mERROR[41;31m][0m [1mTS2571: Object is of type 'unknown'.[0m [1m[35m[plugin angular-compiler][0m

    src/app/features/salidas/salida-detalle.page.ts:33:19:
[37m      33 │   canStart = () => [32mthis.authz[37m.canCap("cap.runs.start");
         ╵                    [32m~~~~~~~~~~[0m


[31mX [41;31m[[41;97mERROR[41;31m][0m [1mTS2571: Object is of type 'unknown'.[0m [1m[35m[plugin angular-compiler][0m

    src/app/features/salidas/salida-detalle.page.ts:34:22:
[37m      34 │   canComplete = () => [32mthis.authz[37m.canCap("cap.runs.complete");
         ╵                       [32m~~~~~~~~~~[0m


[31mX [41;31m[[41;97mERROR[41;31m][0m [1mTS2571: Object is of type 'unknown'.[0m [1m[35m[plugin angular-compiler][0m

    src/app/features/salidas/salida-detalle.page.ts:35:20:
[37m      35 │   canCancel = () => [32mthis.authz[37m.canCap("cap.runs.cancel");
         ╵                     [32m~~~~~~~~~~[0m


[31mX [41;31m[[41;97mERROR[41;31m][0m [1mTS2571: Object is of type 'unknown'.[0m [1m[35m[plugin angular-compiler][0m

    src/app/features/salidas/salida-detalle.page.ts:48:12:
[37m      48 │       await [32mthis.authz[37m.refresh();
         ╵             [32m~~~~~~~~~~[0m


[31mX [41;31m[[41;97mERROR[41;31m][0m [1mTS2307: Cannot find module '../../core/authz.service' or its corresponding type declarations.[0m [1m[35m[plugin angular-compiler][0m

    src/app/features/salidas/salidas.page.ts:3:29:
[37m      3 │ import { AuthzService } from [32m"../../core/authz.service"[37m;
        ╵                              [32m~~~~~~~~~~~~~~~~~~~~~~~~~~[0m


[31mX [41;31m[[41;97mERROR[41;31m][0m [1mTS2571: Object is of type 'unknown'.[0m [1m[35m[plugin angular-compiler][0m

    src/app/features/salidas/salidas.page.ts:58:32:
[37m      58 │ ...nRunCreate = computed(() => [32mthis.authz[37m.canCap("cap.runs.create"));
         ╵                                [32m~~~~~~~~~~[0m


[31mX [41;31m[[41;97mERROR[41;31m][0m [1mTS2571: Object is of type 'unknown'.[0m [1m[35m[plugin angular-compiler][0m

    src/app/features/salidas/salidas.page.ts:59:34:
[37m      59 │ ...nSchedule = computed(() => [32mthis.authz[37m.canCap("cap.runs.schedule...
         ╵                               [32m~~~~~~~~~~[0m


[31mX [41;31m[[41;97mERROR[41;31m][0m [1mTS2571: Object is of type 'unknown'.[0m [1m[35m[plugin angular-compiler][0m

    src/app/features/salidas/salidas.page.ts:60:38:
[37m      60 │ ...chRequest = computed(() => [32mthis.authz[37m.canCap("cap.dispatch.requ...
         ╵                               [32m~~~~~~~~~~[0m


[31mX [41;31m[[41;97mERROR[41;31m][0m [1mTS2571: Object is of type 'unknown'.[0m [1m[35m[plugin angular-compiler][0m

    src/app/features/salidas/salidas.page.ts:61:37:
[37m      61 │ ...tchCancel = computed(() => [32mthis.authz[37m.canCap("cap.dispatch.canc...
         ╵                               [32m~~~~~~~~~~[0m


[31mX [41;31m[[41;97mERROR[41;31m][0m [1mTS2571: Object is of type 'unknown'.[0m [1m[35m[plugin angular-compiler][0m

    src/app/features/salidas/salidas.page.ts:62:37:
[37m      62 │ ...tchAccept = computed(() => [32mthis.authz[37m.canCap("cap.dispatch.acce...
         ╵                               [32m~~~~~~~~~~[0m


[31mX [41;31m[[41;97mERROR[41;31m][0m [1mTS2571: Object is of type 'unknown'.[0m [1m[35m[plugin angular-compiler][0m

    src/app/features/salidas/salidas.page.ts:62:89:
[37m      62 │ ...spatch.accept_request") && [32mthis.authz[37m.canCap("cap.runs.add_orde...
         ╵                               [32m~~~~~~~~~~[0m


[31mX [41;31m[[41;97mERROR[41;31m][0m [1mTS2571: Object is of type 'unknown'.[0m [1m[35m[plugin angular-compiler][0m

    src/app/features/salidas/salidas.page.ts:63:37:
[37m      63 │ ...tchReject = computed(() => [32mthis.authz[37m.canCap("cap.dispatch.reje...
         ╵                               [32m~~~~~~~~~~[0m


[31mX [41;31m[[41;97mERROR[41;31m][0m [1mTS2571: Object is of type 'unknown'.[0m [1m[35m[plugin angular-compiler][0m

    src/app/features/salidas/salidas.page.ts:157:12:
[37m      157 │       await [32mthis.authz[37m.refresh();
          ╵             [32m~~~~~~~~~~[0m


[31mX [41;31m[[41;97mERROR[41;31m][0m [1mTS2571: Object is of type 'unknown'.[0m [1m[35m[plugin angular-compiler][0m

    src/app/features/salidas/salidas.page.ts:472:17:
[37m      472 │     const user = [32mthis.authz[37m.currentUserSig();
          ╵                  [32m~~~~~~~~~~[0m


[31mX [41;31m[[41;97mERROR[41;31m][0m [1mTS2307: Cannot find module '../../core/authz.service' or its corresponding type declarations.[0m [1m[35m[plugin angular-compiler][0m

    src/app/features/usuarios/usuarios.ts:3:29:
[37m      3 │ import { AuthzService } from [32m"../../core/authz.service"[37m;
        ╵                              [32m~~~~~~~~~~~~~~~~~~~~~~~~~~[0m


[31mX [41;31m[[41;97mERROR[41;31m][0m [1mTS2571: Object is of type 'unknown'.[0m [1m[35m[plugin angular-compiler][0m

    src/app/features/usuarios/usuarios.ts:87:32:
[37m      87 │ ...ViewUsers = computed(() => [32mthis.authz[37m.canSection("sections.usua...
         ╵                               [32m~~~~~~~~~~[0m


[31mX [41;31m[[41;97mERROR[41;31m][0m [1mTS2571: Object is of type 'unknown'.[0m [1m[35m[plugin angular-compiler][0m

    src/app/features/usuarios/usuarios.ts:87:78:
[37m      87 │ ...tion("sections.usuarios") || [32mthis.authz[37m.canCap("cap.users.view"));
         ╵                                 [32m~~~~~~~~~~[0m


[31mX [41;31m[[41;97mERROR[41;31m][0m [1mTS2571: Object is of type 'unknown'.[0m [1m[35m[plugin angular-compiler][0m

    src/app/features/usuarios/usuarios.ts:88:32:
[37m      88 │ ...EditUsers = computed(() => [32mthis.authz[37m.isSuperAdmin() || this.au...
         ╵                               [32m~~~~~~~~~~[0m


[31mX [41;31m[[41;97mERROR[41;31m][0m [1mTS2571: Object is of type 'unknown'.[0m [1m[35m[plugin angular-compiler][0m

    src/app/features/usuarios/usuarios.ts:88:61:
[37m      88 │ ...this.authz.isSuperAdmin() || [32mthis.authz[37m.canCap("cap.users.edit"));
         ╵                                 [32m~~~~~~~~~~[0m


[31mX [41;31m[[41;97mERROR[41;31m][0m [1mTS2571: Object is of type 'unknown'.[0m [1m[35m[plugin angular-compiler][0m

    src/app/features/usuarios/usuarios.ts:89:35:
[37m      89 │ ...ableUsers = computed(() => [32mthis.authz[37m.isSuperAdmin() || this.au...
         ╵                               [32m~~~~~~~~~~[0m


[31mX [41;31m[[41;97mERROR[41;31m][0m [1mTS2571: Object is of type 'unknown'.[0m [1m[35m[plugin angular-compiler][0m

    src/app/features/usuarios/usuarios.ts:89:64:
[37m      89 │ ...is.authz.isSuperAdmin() || [32mthis.authz[37m.canCap("cap.users.disable...
         ╵                               [32m~~~~~~~~~~[0m


[31mX [41;31m[[41;97mERROR[41;31m][0m [1mTS2571: Object is of type 'unknown'.[0m [1m[35m[plugin angular-compiler][0m

    src/app/features/usuarios/usuarios.ts:90:32:
[37m      90 │ ...ViewRoles = computed(() => [32mthis.authz[37m.isSuperAdmin() || this.au...
         ╵                               [32m~~~~~~~~~~[0m


[31mX [41;31m[[41;97mERROR[41;31m][0m [1mTS2571: Object is of type 'unknown'.[0m [1m[35m[plugin angular-compiler][0m

    src/app/features/usuarios/usuarios.ts:90:61:
[37m      90 │ ...this.authz.isSuperAdmin() || [32mthis.authz[37m.canCap("cap.roles.view"));
         ╵                                 [32m~~~~~~~~~~[0m


[31mX [41;31m[[41;97mERROR[41;31m][0m [1mTS2571: Object is of type 'unknown'.[0m [1m[35m[plugin angular-compiler][0m

    src/app/features/usuarios/usuarios.ts:91:32:
[37m      91 │ ...EditRoles = computed(() => [32mthis.authz[37m.isSuperAdmin() || this.au...
         ╵                               [32m~~~~~~~~~~[0m


[31mX [41;31m[[41;97mERROR[41;31m][0m [1mTS2571: Object is of type 'unknown'.[0m [1m[35m[plugin angular-compiler][0m

    src/app/features/usuarios/usuarios.ts:91:61:
[37m      91 │ ...this.authz.isSuperAdmin() || [32mthis.authz[37m.canCap("cap.roles.edit"));
         ╵                                 [32m~~~~~~~~~~[0m


[31mX [41;31m[[41;97mERROR[41;31m][0m [1mTS2571: Object is of type 'unknown'.[0m [1m[35m[plugin angular-compiler][0m

    src/app/features/usuarios/usuarios.ts:92:32:
[37m      92 │   isSuperAdmin = computed(() => [32mthis.authz[37m.isSuperAdmin());
         ╵                                 [32m~~~~~~~~~~[0m


[31mX [41;31m[[41;97mERROR[41;31m][0m [1mTS2571: Object is of type 'unknown'.[0m [1m[35m[plugin angular-compiler][0m

    src/app/features/usuarios/usuarios.ts:93:30:
[37m      93 │   currentUid = computed(() => [32mthis.authz[37m.currentUserSig()?.uid || ...
         ╵                               [32m~~~~~~~~~~[0m


[31mX [41;31m[[41;97mERROR[41;31m][0m [1mTS2571: Object is of type 'unknown'.[0m [1m[35m[plugin angular-compiler][0m

    src/app/features/usuarios/usuarios.ts:104:12:
[37m      104 │       await [32mthis.authz[37m.refresh();
          ╵             [32m~~~~~~~~~~[0m


[31mX [41;31m[[41;97mERROR[41;31m][0m [1mTS2345: Argument of type '{ uid: string; email: string; displayName: string; roleId: "super_admin" | "admin" | "operativo" | "repartidor"; isActive: boolean; }' is not assignable to parameter of type 'SaveUserInput'.
  Type '{ uid: string; email: string; displayName: string; roleId: "super_admin" | "admin" | "operativo" | "repartidor"; isActive: boolean; }' is missing the following properties from type 'SaveUserInput': username, authEmail, loginType, mustChangePassword, and 2 more.[0m [1m[35m[plugin angular-compiler][0m

    src/app/features/usuarios/usuarios.ts:181:39:
[37m      181 │       await this.usersService.saveUser([32m{[37m
          ╵                                        [32m^[0m


[31mX [41;31m[[41;97mERROR[41;31m][0m [1mCould not resolve "./authz.service"[0m

    src/app/core/access.service.ts:2:29:
[37m      2 │ import { AuthzService } from [32m"./authz.service"[37m;
        ╵                              [32m~~~~~~~~~~~~~~~~~[0m


[31mX [41;31m[[41;97mERROR[41;31m][0m [1mCould not resolve "./authz.service"[0m

    src/app/core/authz.guard.ts:3:29:
[37m      3 │ import { AuthzService } from [32m"./authz.service"[37m;
        ╵                              [32m~~~~~~~~~~~~~~~~~[0m


[31mX [41;31m[[41;97mERROR[41;31m][0m [1mCould not resolve "../../core/authz.service"[0m

    src/app/features/pedidos/pedido-detalle.ts:15:29:
[37m      15 │ import { AuthzService } from [32m"../../core/authz.service"[37m;
         ╵                              [32m~~~~~~~~~~~~~~~~~~~~~~~~~~[0m


[31mX [41;31m[[41;97mERROR[41;31m][0m [1mCould not resolve "../../core/authz.service"[0m

    src/app/features/salidas/salida-detalle.page.ts:4:29:
[37m      4 │ import { AuthzService } from [32m"../../core/authz.service"[37m;
        ╵                              [32m~~~~~~~~~~~~~~~~~~~~~~~~~~[0m


[31mX [41;31m[[41;97mERROR[41;31m][0m [1mCould not resolve "../../core/authz.service"[0m

    src/app/features/salidas/salidas.page.ts:3:29:
[37m      3 │ import { AuthzService } from [32m"../../core/authz.service"[37m;
        ╵                              [32m~~~~~~~~~~~~~~~~~~~~~~~~~~[0m


[31mX [41;31m[[41;97mERROR[41;31m][0m [1mCould not resolve "../../core/authz.service"[0m

    src/app/features/usuarios/usuarios.ts:3:29:
[37m      3 │ import { AuthzService } from [32m"../../core/authz.service"[37m;
        ╵                              [32m~~~~~~~~~~~~~~~~~~~~~~~~~~[0m

[39m[22m
[1m[31m[31mX [41;31m[[41;97mERROR[41;31m][0m [1mTS2307: Cannot find module './authz.service' or its corresponding type declarations.[0m [1m[35m[plugin angular-compiler][0m

    src/app/core/access.service.ts:2:29:
[37m      2 │ import { AuthzService } from [32m"./authz.service"[37m;
        ╵                              [32m~~~~~~~~~~~~~~~~~[0m


[31mX [41;31m[[41;97mERROR[41;31m][0m [1mTS2571: Object is of type 'unknown'.[0m [1m[35m[plugin angular-compiler][0m

    src/app/core/access.service.ts:111:17:
[37m      111 │     const user = [32mthis.authz[37m.currentUserSig();
          ╵                  [32m~~~~~~~~~~[0m


[31mX [41;31m[[41;97mERROR[41;31m][0m [1mTS2571: Object is of type 'unknown'.[0m [1m[35m[plugin angular-compiler][0m

    src/app/core/access.service.ts:125:27:
[37m      125 │   loading = computed(() => [32mthis.authz[37m.loadingSig());
          ╵                            [32m~~~~~~~~~~[0m


[31mX [41;31m[[41;97mERROR[41;31m][0m [1mTS2571: Object is of type 'unknown'.[0m [1m[35m[plugin angular-compiler][0m

    src/app/core/access.service.ts:127:32:
[37m      127 │   isSuperAdmin = computed(() => [32mthis.authz[37m.isSuperAdmin());
          ╵                                 [32m~~~~~~~~~~[0m


[31mX [41;31m[[41;97mERROR[41;31m][0m [1mTS2571: Object is of type 'unknown'.[0m [1m[35m[plugin angular-compiler][0m

    src/app/core/access.service.ts:135:10:
[37m      135 │     await [32mthis.authz[37m.refresh();
          ╵           [32m~~~~~~~~~~[0m


[31mX [41;31m[[41;97mERROR[41;31m][0m [1mTS2571: Object is of type 'unknown'.[0m [1m[35m[plugin angular-compiler][0m

    src/app/core/access.service.ts:140:11:
[37m      140 │     return [32mthis.authz[37m.canSection(SECTION_BY_PERMISSION[permission]);
          ╵            [32m~~~~~~~~~~[0m


[31mX [41;31m[[41;97mERROR[41;31m][0m [1mTS2571: Object is of type 'unknown'.[0m [1m[35m[plugin angular-compiler][0m

    src/app/core/access.service.ts:144:35:
[37m      144 │ ...turn this.can("usuarios") || [32mthis.authz[37m.canCap("cap.users.view");
          ╵                                 [32m~~~~~~~~~~[0m


[31mX [41;31m[[41;97mERROR[41;31m][0m [1mTS2571: Object is of type 'unknown'.[0m [1m[35m[plugin angular-compiler][0m

    src/app/core/access.service.ts:148:11:
[37m      148 │     return [32mthis.authz[37m.isSuperAdmin() || this.authz.canCap("cap.us...
          ╵            [32m~~~~~~~~~~[0m


[31mX [41;31m[[41;97mERROR[41;31m][0m [1mTS2571: Object is of type 'unknown'.[0m [1m[35m[plugin angular-compiler][0m

    src/app/core/access.service.ts:148:40:
[37m      148 │ ...this.authz.isSuperAdmin() || [32mthis.authz[37m.canCap("cap.users.edit");
          ╵                                 [32m~~~~~~~~~~[0m


[31mX [41;31m[[41;97mERROR[41;31m][0m [1mTS2307: Cannot find module './authz.service' or its corresponding type declarations.[0m [1m[35m[plugin angular-compiler][0m

    src/app/core/authz.guard.ts:3:29:
[37m      3 │ import { AuthzService } from [32m"./authz.service"[37m;
        ╵                              [32m~~~~~~~~~~~~~~~~~[0m


[31mX [41;31m[[41;97mERROR[41;31m][0m [1mTS18046: 'authz' is of type 'unknown'.[0m [1m[35m[plugin angular-compiler][0m

    src/app/core/authz.guard.ts:11:8:
[37m      11 │   await [32mauthz[37m.refresh();
         ╵         [32m~~~~~[0m


[31mX [41;31m[[41;97mERROR[41;31m][0m [1mTS18046: 'authz' is of type 'unknown'.[0m [1m[35m[plugin angular-compiler][0m

    src/app/core/authz.guard.ts:12:18:
[37m      12 │   const current = [32mauthz[37m.currentUserSig();
         ╵                   [32m~~~~~[0m


[31mX [41;31m[[41;97mERROR[41;31m][0m [1mTS18046: 'authz' is of type 'unknown'.[0m [1m[35m[plugin angular-compiler][0m

    src/app/core/authz.guard.ts:19:26:
[37m      19 │   if (requiredSection && ![32mauthz[37m.canSection(requiredSection)) {
         ╵                           [32m~~~~~[0m


[31mX [41;31m[[41;97mERROR[41;31m][0m [1mTS18046: 'authz' is of type 'unknown'.[0m [1m[35m[plugin angular-compiler][0m

    src/app/core/authz.guard.ts:23:29:
[37m      23 │   if (requiredCapability && ![32mauthz[37m.canCap(requiredCapability)) {
         ╵                              [32m~~~~~[0m


[31mX [41;31m[[41;97mERROR[41;31m][0m [1mTS2307: Cannot find module '../../core/authz.service' or its corresponding type declarations.[0m [1m[35m[plugin angular-compiler][0m

    src/app/features/pedidos/pedido-detalle.ts:15:29:
[37m      15 │ import { AuthzService } from [32m"../../core/authz.service"[37m;
         ╵                              [32m~~~~~~~~~~~~~~~~~~~~~~~~~~[0m


[31mX [41;31m[[41;97mERROR[41;31m][0m [1mTS2571: Object is of type 'unknown'.[0m [1m[35m[plugin angular-compiler][0m

    src/app/features/pedidos/pedido-detalle.ts:359:11:
[37m      359 │     return [32mthis.authz[37m.canCap(key);
          ╵            [32m~~~~~~~~~~[0m


[31mX [41;31m[[41;97mERROR[41;31m][0m [1mTS2571: Object is of type 'unknown'.[0m [1m[35m[plugin angular-compiler][0m

    src/app/features/pedidos/pedido-detalle.ts:371:17:
[37m      371 │     const role = [32mthis.authz[37m.currentUserSig()?.roleId || "";
          ╵                  [32m~~~~~~~~~~[0m


[31mX [41;31m[[41;97mERROR[41;31m][0m [1mTS2571: Object is of type 'unknown'.[0m [1m[35m[plugin angular-compiler][0m

    src/app/features/pedidos/pedido-detalle.ts:2469:17:
[37m      2469 │     const user = [32mthis.authz[37m.currentUserSig();
           ╵                  [32m~~~~~~~~~~[0m


[31mX [41;31m[[41;97mERROR[41;31m][0m [1mTS2307: Cannot find module '../../core/authz.service' or its corresponding type declarations.[0m [1m[35m[plugin angular-compiler][0m

    src/app/features/salidas/salida-detalle.page.ts:4:29:
[37m      4 │ import { AuthzService } from [32m"../../core/authz.service"[37m;
        ╵                              [32m~~~~~~~~~~~~~~~~~~~~~~~~~~[0m


[31mX [41;31m[[41;97mERROR[41;31m][0m [1mTS2571: Object is of type 'unknown'.[0m [1m[35m[plugin angular-compiler][0m

    src/app/features/salidas/salida-detalle.page.ts:31:22:
[37m      31 │   canSchedule = () => [32mthis.authz[37m.canCap("cap.runs.schedule");
         ╵                       [32m~~~~~~~~~~[0m


[31mX [41;31m[[41;97mERROR[41;31m][0m [1mTS2571: Object is of type 'unknown'.[0m [1m[35m[plugin angular-compiler][0m

    src/app/features/salidas/salida-detalle.page.ts:32:26:
[37m      32 │   canAssignDriver = () => [32mthis.authz[37m.canCap("cap.runs.assign_drive...
         ╵                           [32m~~~~~~~~~~[0m


[31mX [41;31m[[41;97mERROR[41;31m][0m [1mTS2571: Object is of type 'unknown'.[0m [1m[35m[plugin angular-compiler][0m

    src/app/features/salidas/salida-detalle.page.ts:33:19:
[37m      33 │   canStart = () => [32mthis.authz[37m.canCap("cap.runs.start");
         ╵                    [32m~~~~~~~~~~[0m


[31mX [41;31m[[41;97mERROR[41;31m][0m [1mTS2571: Object is of type 'unknown'.[0m [1m[35m[plugin angular-compiler][0m

    src/app/features/salidas/salida-detalle.page.ts:34:22:
[37m      34 │   canComplete = () => [32mthis.authz[37m.canCap("cap.runs.complete");
         ╵                       [32m~~~~~~~~~~[0m


[31mX [41;31m[[41;97mERROR[41;31m][0m [1mTS2571: Object is of type 'unknown'.[0m [1m[35m[plugin angular-compiler][0m

    src/app/features/salidas/salida-detalle.page.ts:35:20:
[37m      35 │   canCancel = () => [32mthis.authz[37m.canCap("cap.runs.cancel");
         ╵                     [32m~~~~~~~~~~[0m


[31mX [41;31m[[41;97mERROR[41;31m][0m [1mTS2571: Object is of type 'unknown'.[0m [1m[35m[plugin angular-compiler][0m

    src/app/features/salidas/salida-detalle.page.ts:48:12:
[37m      48 │       await [32mthis.authz[37m.refresh();
         ╵             [32m~~~~~~~~~~[0m


[31mX [41;31m[[41;97mERROR[41;31m][0m [1mTS2307: Cannot find module '../../core/authz.service' or its corresponding type declarations.[0m [1m[35m[plugin angular-compiler][0m

    src/app/features/salidas/salidas.page.ts:3:29:
[37m      3 │ import { AuthzService } from [32m"../../core/authz.service"[37m;
        ╵                              [32m~~~~~~~~~~~~~~~~~~~~~~~~~~[0m


[31mX [41;31m[[41;97mERROR[41;31m][0m [1mTS2571: Object is of type 'unknown'.[0m [1m[35m[plugin angular-compiler][0m

    src/app/features/salidas/salidas.page.ts:58:32:
[37m      58 │ ...nRunCreate = computed(() => [32mthis.authz[37m.canCap("cap.runs.create"));
         ╵                                [32m~~~~~~~~~~[0m


[31mX [41;31m[[41;97mERROR[41;31m][0m [1mTS2571: Object is of type 'unknown'.[0m [1m[35m[plugin angular-compiler][0m

    src/app/features/salidas/salidas.page.ts:59:34:
[37m      59 │ ...nSchedule = computed(() => [32mthis.authz[37m.canCap("cap.runs.schedule...
         ╵                               [32m~~~~~~~~~~[0m


[31mX [41;31m[[41;97mERROR[41;31m][0m [1mTS2571: Object is of type 'unknown'.[0m [1m[35m[plugin angular-compiler][0m

    src/app/features/salidas/salidas.page.ts:60:38:
[37m      60 │ ...chRequest = computed(() => [32mthis.authz[37m.canCap("cap.dispatch.requ...
         ╵                               [32m~~~~~~~~~~[0m


[31mX [41;31m[[41;97mERROR[41;31m][0m [1mTS2571: Object is of type 'unknown'.[0m [1m[35m[plugin angular-compiler][0m

    src/app/features/salidas/salidas.page.ts:61:37:
[37m      61 │ ...tchCancel = computed(() => [32mthis.authz[37m.canCap("cap.dispatch.canc...
         ╵                               [32m~~~~~~~~~~[0m


[31mX [41;31m[[41;97mERROR[41;31m][0m [1mTS2571: Object is of type 'unknown'.[0m [1m[35m[plugin angular-compiler][0m

    src/app/features/salidas/salidas.page.ts:62:37:
[37m      62 │ ...tchAccept = computed(() => [32mthis.authz[37m.canCap("cap.dispatch.acce...
         ╵                               [32m~~~~~~~~~~[0m


[31mX [41;31m[[41;97mERROR[41;31m][0m [1mTS2571: Object is of type 'unknown'.[0m [1m[35m[plugin angular-compiler][0m

    src/app/features/salidas/salidas.page.ts:62:89:
[37m      62 │ ...spatch.accept_request") && [32mthis.authz[37m.canCap("cap.runs.add_orde...
         ╵                               [32m~~~~~~~~~~[0m


[31mX [41;31m[[41;97mERROR[41;31m][0m [1mTS2571: Object is of type 'unknown'.[0m [1m[35m[plugin angular-compiler][0m

    src/app/features/salidas/salidas.page.ts:63:37:
[37m      63 │ ...tchReject = computed(() => [32mthis.authz[37m.canCap("cap.dispatch.reje...
         ╵                               [32m~~~~~~~~~~[0m


[31mX [41;31m[[41;97mERROR[41;31m][0m [1mTS2571: Object is of type 'unknown'.[0m [1m[35m[plugin angular-compiler][0m

    src/app/features/salidas/salidas.page.ts:157:12:
[37m      157 │       await [32mthis.authz[37m.refresh();
          ╵             [32m~~~~~~~~~~[0m


[31mX [41;31m[[41;97mERROR[41;31m][0m [1mTS2571: Object is of type 'unknown'.[0m [1m[35m[plugin angular-compiler][0m

    src/app/features/salidas/salidas.page.ts:472:17:
[37m      472 │     const user = [32mthis.authz[37m.currentUserSig();
          ╵                  [32m~~~~~~~~~~[0m


[31mX [41;31m[[41;97mERROR[41;31m][0m [1mTS2307: Cannot find module '../../core/authz.service' or its corresponding type declarations.[0m [1m[35m[plugin angular-compiler][0m

    src/app/features/usuarios/usuarios.ts:3:29:
[37m      3 │ import { AuthzService } from [32m"../../core/authz.service"[37m;
        ╵                              [32m~~~~~~~~~~~~~~~~~~~~~~~~~~[0m


[31mX [41;31m[[41;97mERROR[41;31m][0m [1mTS2571: Object is of type 'unknown'.[0m [1m[35m[plugin angular-compiler][0m

    src/app/features/usuarios/usuarios.ts:87:32:
[37m      87 │ ...ViewUsers = computed(() => [32mthis.authz[37m.canSection("sections.usua...
         ╵                               [32m~~~~~~~~~~[0m


[31mX [41;31m[[41;97mERROR[41;31m][0m [1mTS2571: Object is of type 'unknown'.[0m [1m[35m[plugin angular-compiler][0m

    src/app/features/usuarios/usuarios.ts:87:78:
[37m      87 │ ...tion("sections.usuarios") || [32mthis.authz[37m.canCap("cap.users.view"));
         ╵                                 [32m~~~~~~~~~~[0m


[31mX [41;31m[[41;97mERROR[41;31m][0m [1mTS2571: Object is of type 'unknown'.[0m [1m[35m[plugin angular-compiler][0m

    src/app/features/usuarios/usuarios.ts:88:32:
[37m      88 │ ...EditUsers = computed(() => [32mthis.authz[37m.isSuperAdmin() || this.au...
         ╵                               [32m~~~~~~~~~~[0m


[31mX [41;31m[[41;97mERROR[41;31m][0m [1mTS2571: Object is of type 'unknown'.[0m [1m[35m[plugin angular-compiler][0m

    src/app/features/usuarios/usuarios.ts:88:61:
[37m      88 │ ...this.authz.isSuperAdmin() || [32mthis.authz[37m.canCap("cap.users.edit"));
         ╵                                 [32m~~~~~~~~~~[0m


[31mX [41;31m[[41;97mERROR[41;31m][0m [1mTS2571: Object is of type 'unknown'.[0m [1m[35m[plugin angular-compiler][0m

    src/app/features/usuarios/usuarios.ts:89:35:
[37m      89 │ ...ableUsers = computed(() => [32mthis.authz[37m.isSuperAdmin() || this.au...
         ╵                               [32m~~~~~~~~~~[0m


[31mX [41;31m[[41;97mERROR[41;31m][0m [1mTS2571: Object is of type 'unknown'.[0m [1m[35m[plugin angular-compiler][0m

    src/app/features/usuarios/usuarios.ts:89:64:
[37m      89 │ ...is.authz.isSuperAdmin() || [32mthis.authz[37m.canCap("cap.users.disable...
         ╵                               [32m~~~~~~~~~~[0m


[31mX [41;31m[[41;97mERROR[41;31m][0m [1mTS2571: Object is of type 'unknown'.[0m [1m[35m[plugin angular-compiler][0m

    src/app/features/usuarios/usuarios.ts:90:32:
[37m      90 │ ...ViewRoles = computed(() => [32mthis.authz[37m.isSuperAdmin() || this.au...
         ╵                               [32m~~~~~~~~~~[0m


[31mX [41;31m[[41;97mERROR[41;31m][0m [1mTS2571: Object is of type 'unknown'.[0m [1m[35m[plugin angular-compiler][0m

    src/app/features/usuarios/usuarios.ts:90:61:
[37m      90 │ ...this.authz.isSuperAdmin() || [32mthis.authz[37m.canCap("cap.roles.view"));
         ╵                                 [32m~~~~~~~~~~[0m


[31mX [41;31m[[41;97mERROR[41;31m][0m [1mTS2571: Object is of type 'unknown'.[0m [1m[35m[plugin angular-compiler][0m

    src/app/features/usuarios/usuarios.ts:91:32:
[37m      91 │ ...EditRoles = computed(() => [32mthis.authz[37m.isSuperAdmin() || this.au...
         ╵                               [32m~~~~~~~~~~[0m


[31mX [41;31m[[41;97mERROR[41;31m][0m [1mTS2571: Object is of type 'unknown'.[0m [1m[35m[plugin angular-compiler][0m

    src/app/features/usuarios/usuarios.ts:91:61:
[37m      91 │ ...this.authz.isSuperAdmin() || [32mthis.authz[37m.canCap("cap.roles.edit"));
         ╵                                 [32m~~~~~~~~~~[0m


[31mX [41;31m[[41;97mERROR[41;31m][0m [1mTS2571: Object is of type 'unknown'.[0m [1m[35m[plugin angular-compiler][0m

    src/app/features/usuarios/usuarios.ts:92:32:
[37m      92 │   isSuperAdmin = computed(() => [32mthis.authz[37m.isSuperAdmin());
         ╵                                 [32m~~~~~~~~~~[0m


[31mX [41;31m[[41;97mERROR[41;31m][0m [1mTS2571: Object is of type 'unknown'.[0m [1m[35m[plugin angular-compiler][0m

    src/app/features/usuarios/usuarios.ts:93:30:
[37m      93 │   currentUid = computed(() => [32mthis.authz[37m.currentUserSig()?.uid || ...
         ╵                               [32m~~~~~~~~~~[0m


[31mX [41;31m[[41;97mERROR[41;31m][0m [1mTS2571: Object is of type 'unknown'.[0m [1m[35m[plugin angular-compiler][0m

    src/app/features/usuarios/usuarios.ts:104:12:
[37m      104 │       await [32mthis.authz[37m.refresh();
          ╵             [32m~~~~~~~~~~[0m


[31mX [41;31m[[41;97mERROR[41;31m][0m [1mTS2345: Argument of type '{ uid: string; email: string; displayName: string; roleId: "super_admin" | "admin" | "operativo" | "repartidor"; isActive: boolean; }' is not assignable to parameter of type 'SaveUserInput'.
  Type '{ uid: string; email: string; displayName: string; roleId: "super_admin" | "admin" | "operativo" | "repartidor"; isActive: boolean; }' is missing the following properties from type 'SaveUserInput': username, authEmail, loginType, mustChangePassword, and 2 more.[0m [1m[35m[plugin angular-compiler][0m

    src/app/features/usuarios/usuarios.ts:181:39:
[37m      181 │       await this.usersService.saveUser([32m{[37m
          ╵                                        [32m^[0m


[31mX [41;31m[[41;97mERROR[41;31m][0m [1mCould not resolve "./authz.service"[0m

    src/app/core/access.service.ts:2:29:
[37m      2 │ import { AuthzService } from [32m"./authz.service"[37m;
        ╵                              [32m~~~~~~~~~~~~~~~~~[0m


[31mX [41;31m[[41;97mERROR[41;31m][0m [1mCould not resolve "./authz.service"[0m

    src/app/core/authz.guard.ts:3:29:
[37m      3 │ import { AuthzService } from [32m"./authz.service"[37m;
        ╵                              [32m~~~~~~~~~~~~~~~~~[0m


[31mX [41;31m[[41;97mERROR[41;31m][0m [1mCould not resolve "../../core/authz.service"[0m

    src/app/features/pedidos/pedido-detalle.ts:15:29:
[37m      15 │ import { AuthzService } from [32m"../../core/authz.service"[37m;
         ╵                              [32m~~~~~~~~~~~~~~~~~~~~~~~~~~[0m


[31mX [41;31m[[41;97mERROR[41;31m][0m [1mCould not resolve "../../core/authz.service"[0m

    src/app/features/salidas/salida-detalle.page.ts:4:29:
[37m      4 │ import { AuthzService } from [32m"../../core/authz.service"[37m;
        ╵                              [32m~~~~~~~~~~~~~~~~~~~~~~~~~~[0m


[31mX [41;31m[[41;97mERROR[41;31m][0m [1mCould not resolve "../../core/authz.service"[0m

    src/app/features/salidas/salidas.page.ts:3:29:
[37m      3 │ import { AuthzService } from [32m"../../core/authz.service"[37m;
        ╵                              [32m~~~~~~~~~~~~~~~~~~~~~~~~~~[0m


[31mX [41;31m[[41;97mERROR[41;31m][0m [1mCould not resolve "../../core/authz.service"[0m

    src/app/features/usuarios/usuarios.ts:3:29:
[37m      3 │ import { AuthzService } from [32m"../../core/authz.service"[37m;
        ╵                              [32m~~~~~~~~~~~~~~~~~~~~~~~~~~[0m

[39m[22m
[1m[31m[31mX [41;31m[[41;97mERROR[41;31m][0m [1mTS2345: Argument of type '{ uid: string; email: string; displayName: string; roleId: "super_admin" | "admin" | "operativo" | "repartidor"; isActive: boolean; }' is not assignable to parameter of type 'SaveUserInput'.
  Type '{ uid: string; email: string; displayName: string; roleId: "super_admin" | "admin" | "operativo" | "repartidor"; isActive: boolean; }' is missing the following properties from type 'SaveUserInput': authEmail, username, loginType, mustChangePassword, and 2 more.[0m [1m[35m[plugin angular-compiler][0m

    src/app/features/usuarios/usuarios.ts:181:39:
[37m      181 │       await this.usersService.saveUser([32m{[37m
          ╵                                        [32m^[0m

[39m[22m
[1m[31m[31mX [41;31m[[41;97mERROR[41;31m][0m [1mTS2307: Cannot find module './auth.service' or its corresponding type declarations.[0m [1m[35m[plugin angular-compiler][0m

    src/app/core/admin.guard.ts:3:28:
[37m      3 │ import { AuthService } from [32m"./auth.service"[37m;
        ╵                             [32m~~~~~~~~~~~~~~~~[0m


[31mX [41;31m[[41;97mERROR[41;31m][0m [1mTS18046: 'auth' is of type 'unknown'.[0m [1m[35m[plugin angular-compiler][0m

    src/app/core/admin.guard.ts:9:19:
[37m      9 │   const ok = await [32mauth[37m.isAdmin();
        ╵                    [32m~~~~[0m


[31mX [41;31m[[41;97mERROR[41;31m][0m [1mTS2307: Cannot find module '../../../core/auth.service' or its corresponding type declarations.[0m [1m[35m[plugin angular-compiler][0m

    src/app/features/auth/login/login.ts:4:28:
[37m      4 │ import { AuthService } from [32m"../../../core/auth.service"[37m;
        ╵                             [32m~~~~~~~~~~~~~~~~~~~~~~~~~~~~[0m


[31mX [41;31m[[41;97mERROR[41;31m][0m [1mTS2571: Object is of type 'unknown'.[0m [1m[35m[plugin angular-compiler][0m

    src/app/features/auth/login/login.ts:161:12:
[37m      161 │       await [32mthis.auth[37m.login(normalizedEmail, this.password);
          ╵             [32m~~~~~~~~~[0m


[31mX [41;31m[[41;97mERROR[41;31m][0m [1mTS2571: Object is of type 'unknown'.[0m [1m[35m[plugin angular-compiler][0m

    src/app/features/auth/login/login.ts:162:23:
[37m      162 │       const ok = await [32mthis.auth[37m.isAdmin();
          ╵                        [32m~~~~~~~~~[0m


[31mX [41;31m[[41;97mERROR[41;31m][0m [1mTS2571: Object is of type 'unknown'.[0m [1m[35m[plugin angular-compiler][0m

    src/app/features/auth/login/login.ts:164:14:
[37m      164 │         await [32mthis.auth[37m.logout();
          ╵               [32m~~~~~~~~~[0m


[31mX [41;31m[[41;97mERROR[41;31m][0m [1mTS2307: Cannot find module '../../core/auth.service' or its corresponding type declarations.[0m [1m[35m[plugin angular-compiler][0m

    src/app/features/inbox/inbox.ts:3:28:
[37m      3 │ import { AuthService } from [32m"../../core/auth.service"[37m;
        ╵                             [32m~~~~~~~~~~~~~~~~~~~~~~~~~[0m


[31mX [41;31m[[41;97mERROR[41;31m][0m [1mTS2307: Cannot find module '../../core/auth.service' or its corresponding type declarations.[0m [1m[35m[plugin angular-compiler][0m

    src/app/features/main/main-layout.ts:4:28:
[37m      4 │ import { AuthService } from [32m"../../core/auth.service"[37m;
        ╵                             [32m~~~~~~~~~~~~~~~~~~~~~~~~~[0m


[31mX [41;31m[[41;97mERROR[41;31m][0m [1mTS2571: Object is of type 'unknown'.[0m [1m[35m[plugin angular-compiler][0m

    src/app/features/main/main-layout.ts:61:10:
[37m      61 │     await [32mthis.auth[37m.logout();
         ╵           [32m~~~~~~~~~[0m


[31mX [41;31m[[41;97mERROR[41;31m][0m [1mTS2307: Cannot find module '../../core/auth.service' or its corresponding type declarations.[0m [1m[35m[plugin angular-compiler][0m

    src/app/features/review/review-updated.ts:6:28:
[37m      6 │ import { AuthService } from [32m"../../core/auth.service"[37m;
        ╵                             [32m~~~~~~~~~~~~~~~~~~~~~~~~~[0m


[31mX [41;31m[[41;97mERROR[41;31m][0m [1mTS2571: Object is of type 'unknown'.[0m [1m[35m[plugin angular-compiler][0m

    src/app/features/review/review-updated.ts:376:18:
[37m      376 │       const uid = [32mthis.auth[37m.uid();
          ╵                   [32m~~~~~~~~~[0m


[31mX [41;31m[[41;97mERROR[41;31m][0m [1mTS2571: Object is of type 'unknown'.[0m [1m[35m[plugin angular-compiler][0m

    src/app/features/review/review-updated.ts:431:18:
[37m      431 │       const uid = [32mthis.auth[37m.uid();
          ╵                   [32m~~~~~~~~~[0m


[31mX [41;31m[[41;97mERROR[41;31m][0m [1mTS2307: Cannot find module '../../core/auth.service' or its corresponding type declarations.[0m [1m[35m[plugin angular-compiler][0m

    src/app/features/review/review.ts:6:28:
[37m      6 │ import { AuthService } from [32m"../../core/auth.service"[37m;
        ╵                             [32m~~~~~~~~~~~~~~~~~~~~~~~~~[0m


[31mX [41;31m[[41;97mERROR[41;31m][0m [1mTS2571: Object is of type 'unknown'.[0m [1m[35m[plugin angular-compiler][0m

    src/app/features/review/review.ts:1108:18:
[37m      1108 │       const uid = [32mthis.auth[37m.uid();
           ╵                   [32m~~~~~~~~~[0m


[31mX [41;31m[[41;97mERROR[41;31m][0m [1mTS2571: Object is of type 'unknown'.[0m [1m[35m[plugin angular-compiler][0m

    src/app/features/review/review.ts:1168:18:
[37m      1168 │       const uid = [32mthis.auth[37m.uid();
           ╵                   [32m~~~~~~~~~[0m


[31mX [41;31m[[41;97mERROR[41;31m][0m [1mTS2345: Argument of type '{ uid: string; email: string; displayName: string; roleId: "super_admin" | "admin" | "operativo" | "repartidor"; isActive: boolean; }' is not assignable to parameter of type 'SaveUserInput'.
  Type '{ uid: string; email: string; displayName: string; roleId: "super_admin" | "admin" | "operativo" | "repartidor"; isActive: boolean; }' is missing the following properties from type 'SaveUserInput': authEmail, username, loginType, mustChangePassword, and 2 more.[0m [1m[35m[plugin angular-compiler][0m

    src/app/features/usuarios/usuarios.ts:181:39:
[37m      181 │       await this.usersService.saveUser([32m{[37m
          ╵                                        [32m^[0m


[31mX [41;31m[[41;97mERROR[41;31m][0m [1mCould not resolve "./auth.service"[0m

    src/app/core/admin.guard.ts:3:28:
[37m      3 │ import { AuthService } from [32m"./auth.service"[37m;
        ╵                             [32m~~~~~~~~~~~~~~~~[0m


[31mX [41;31m[[41;97mERROR[41;31m][0m [1mCould not resolve "../../../core/auth.service"[0m

    src/app/features/auth/login/login.ts:4:28:
[37m      4 │ import { AuthService } from [32m"../../../core/auth.service"[37m;
        ╵                             [32m~~~~~~~~~~~~~~~~~~~~~~~~~~~~[0m


[31mX [41;31m[[41;97mERROR[41;31m][0m [1mCould not resolve "../../core/auth.service"[0m

    src/app/features/inbox/inbox.ts:3:20:
[37m      3 │ import * as i1 from [32m"../../core/auth.service"[37m;
        ╵                     [32m~~~~~~~~~~~~~~~~~~~~~~~~~[0m


[31mX [41;31m[[41;97mERROR[41;31m][0m [1mCould not resolve "../../core/auth.service"[0m

    src/app/features/main/main-layout.ts:4:28:
[37m      4 │ import { AuthService } from [32m"../../core/auth.service"[37m;
        ╵                             [32m~~~~~~~~~~~~~~~~~~~~~~~~~[0m


[31mX [41;31m[[41;97mERROR[41;31m][0m [1mCould not resolve "../../core/auth.service"[0m

    src/app/features/review/review.ts:6:28:
[37m      6 │ import { AuthService } from [32m"../../core/auth.service"[37m;
        ╵                             [32m~~~~~~~~~~~~~~~~~~~~~~~~~[0m

[39m[22m
[1m[31m[31mX [41;31m[[41;97mERROR[41;31m][0m [1mTS2307: Cannot find module './auth.service' or its corresponding type declarations.[0m [1m[35m[plugin angular-compiler][0m

    src/app/core/admin.guard.ts:3:28:
[37m      3 │ import { AuthService } from [32m"./auth.service"[37m;
        ╵                             [32m~~~~~~~~~~~~~~~~[0m


[31mX [41;31m[[41;97mERROR[41;31m][0m [1mTS18046: 'auth' is of type 'unknown'.[0m [1m[35m[plugin angular-compiler][0m

    src/app/core/admin.guard.ts:9:19:
[37m      9 │   const ok = await [32mauth[37m.isAdmin();
        ╵                    [32m~~~~[0m


[31mX [41;31m[[41;97mERROR[41;31m][0m [1mTS2307: Cannot find module '../../../core/auth.service' or its corresponding type declarations.[0m [1m[35m[plugin angular-compiler][0m

    src/app/features/auth/login/login.ts:4:28:
[37m      4 │ import { AuthService } from [32m"../../../core/auth.service"[37m;
        ╵                             [32m~~~~~~~~~~~~~~~~~~~~~~~~~~~~[0m


[31mX [41;31m[[41;97mERROR[41;31m][0m [1mTS2571: Object is of type 'unknown'.[0m [1m[35m[plugin angular-compiler][0m

    src/app/features/auth/login/login.ts:161:12:
[37m      161 │       await [32mthis.auth[37m.login(normalizedEmail, this.password);
          ╵             [32m~~~~~~~~~[0m


[31mX [41;31m[[41;97mERROR[41;31m][0m [1mTS2571: Object is of type 'unknown'.[0m [1m[35m[plugin angular-compiler][0m

    src/app/features/auth/login/login.ts:162:23:
[37m      162 │       const ok = await [32mthis.auth[37m.isAdmin();
          ╵                        [32m~~~~~~~~~[0m


[31mX [41;31m[[41;97mERROR[41;31m][0m [1mTS2571: Object is of type 'unknown'.[0m [1m[35m[plugin angular-compiler][0m

    src/app/features/auth/login/login.ts:164:14:
[37m      164 │         await [32mthis.auth[37m.logout();
          ╵               [32m~~~~~~~~~[0m


[31mX [41;31m[[41;97mERROR[41;31m][0m [1mTS2307: Cannot find module '../../core/auth.service' or its corresponding type declarations.[0m [1m[35m[plugin angular-compiler][0m

    src/app/features/inbox/inbox.ts:3:28:
[37m      3 │ import { AuthService } from [32m"../../core/auth.service"[37m;
        ╵                             [32m~~~~~~~~~~~~~~~~~~~~~~~~~[0m


[31mX [41;31m[[41;97mERROR[41;31m][0m [1mTS2307: Cannot find module '../../core/auth.service' or its corresponding type declarations.[0m [1m[35m[plugin angular-compiler][0m

    src/app/features/main/main-layout.ts:4:28:
[37m      4 │ import { AuthService } from [32m"../../core/auth.service"[37m;
        ╵                             [32m~~~~~~~~~~~~~~~~~~~~~~~~~[0m


[31mX [41;31m[[41;97mERROR[41;31m][0m [1mTS2571: Object is of type 'unknown'.[0m [1m[35m[plugin angular-compiler][0m

    src/app/features/main/main-layout.ts:61:10:
[37m      61 │     await [32mthis.auth[37m.logout();
         ╵           [32m~~~~~~~~~[0m


[31mX [41;31m[[41;97mERROR[41;31m][0m [1mTS2307: Cannot find module '../../core/auth.service' or its corresponding type declarations.[0m [1m[35m[plugin angular-compiler][0m

    src/app/features/review/review-updated.ts:6:28:
[37m      6 │ import { AuthService } from [32m"../../core/auth.service"[37m;
        ╵                             [32m~~~~~~~~~~~~~~~~~~~~~~~~~[0m


[31mX [41;31m[[41;97mERROR[41;31m][0m [1mTS2571: Object is of type 'unknown'.[0m [1m[35m[plugin angular-compiler][0m

    src/app/features/review/review-updated.ts:376:18:
[37m      376 │       const uid = [32mthis.auth[37m.uid();
          ╵                   [32m~~~~~~~~~[0m


[31mX [41;31m[[41;97mERROR[41;31m][0m [1mTS2571: Object is of type 'unknown'.[0m [1m[35m[plugin angular-compiler][0m

    src/app/features/review/review-updated.ts:431:18:
[37m      431 │       const uid = [32mthis.auth[37m.uid();
          ╵                   [32m~~~~~~~~~[0m


[31mX [41;31m[[41;97mERROR[41;31m][0m [1mTS2307: Cannot find module '../../core/auth.service' or its corresponding type declarations.[0m [1m[35m[plugin angular-compiler][0m

    src/app/features/review/review.ts:6:28:
[37m      6 │ import { AuthService } from [32m"../../core/auth.service"[37m;
        ╵                             [32m~~~~~~~~~~~~~~~~~~~~~~~~~[0m


[31mX [41;31m[[41;97mERROR[41;31m][0m [1mTS2571: Object is of type 'unknown'.[0m [1m[35m[plugin angular-compiler][0m

    src/app/features/review/review.ts:1108:18:
[37m      1108 │       const uid = [32mthis.auth[37m.uid();
           ╵                   [32m~~~~~~~~~[0m


[31mX [41;31m[[41;97mERROR[41;31m][0m [1mTS2571: Object is of type 'unknown'.[0m [1m[35m[plugin angular-compiler][0m

    src/app/features/review/review.ts:1168:18:
[37m      1168 │       const uid = [32mthis.auth[37m.uid();
           ╵                   [32m~~~~~~~~~[0m


[31mX [41;31m[[41;97mERROR[41;31m][0m [1mTS2345: Argument of type '{ uid: string; email: string; displayName: string; roleId: "super_admin" | "admin" | "operativo" | "repartidor"; isActive: boolean; }' is not assignable to parameter of type 'SaveUserInput'.
  Type '{ uid: string; email: string; displayName: string; roleId: "super_admin" | "admin" | "operativo" | "repartidor"; isActive: boolean; }' is missing the following properties from type 'SaveUserInput': authEmail, username, loginType, mustChangePassword, and 2 more.[0m [1m[35m[plugin angular-compiler][0m

    src/app/features/usuarios/usuarios.ts:181:39:
[37m      181 │       await this.usersService.saveUser([32m{[37m
          ╵                                        [32m^[0m


[31mX [41;31m[[41;97mERROR[41;31m][0m [1mCould not resolve "./auth.service"[0m

    src/app/core/admin.guard.ts:3:28:
[37m      3 │ import { AuthService } from [32m"./auth.service"[37m;
        ╵                             [32m~~~~~~~~~~~~~~~~[0m


[31mX [41;31m[[41;97mERROR[41;31m][0m [1mCould not resolve "../../../core/auth.service"[0m

    src/app/features/auth/login/login.ts:4:28:
[37m      4 │ import { AuthService } from [32m"../../../core/auth.service"[37m;
        ╵                             [32m~~~~~~~~~~~~~~~~~~~~~~~~~~~~[0m


[31mX [41;31m[[41;97mERROR[41;31m][0m [1mCould not resolve "../../core/auth.service"[0m

    src/app/features/inbox/inbox.ts:3:20:
[37m      3 │ import * as i1 from [32m"../../core/auth.service"[37m;
        ╵                     [32m~~~~~~~~~~~~~~~~~~~~~~~~~[0m


[31mX [41;31m[[41;97mERROR[41;31m][0m [1mCould not resolve "../../core/auth.service"[0m

    src/app/features/main/main-layout.ts:4:28:
[37m      4 │ import { AuthService } from [32m"../../core/auth.service"[37m;
        ╵                             [32m~~~~~~~~~~~~~~~~~~~~~~~~~[0m


[31mX [41;31m[[41;97mERROR[41;31m][0m [1mCould not resolve "../../core/auth.service"[0m

    src/app/features/review/review.ts:6:28:
[37m      6 │ import { AuthService } from [32m"../../core/auth.service"[37m;
        ╵                             [32m~~~~~~~~~~~~~~~~~~~~~~~~~[0m

[39m[22m
[1m[31m[31mX [41;31m[[41;97mERROR[41;31m][0m [1mTS2307: Cannot find module './core/admin.guard' or its corresponding type declarations.[0m [1m[35m[plugin angular-compiler][0m

    src/app/app.routes.ts:2:27:
[37m      2 │ import { adminGuard } from [32m"./core/admin.guard"[37m;
        ╵                            [32m~~~~~~~~~~~~~~~~~~~~[0m


[31mX [41;31m[[41;97mERROR[41;31m][0m [1mTS2345: Argument of type '{ uid: string; email: string; displayName: string; roleId: "super_admin" | "admin" | "operativo" | "repartidor"; isActive: boolean; }' is not assignable to parameter of type 'SaveUserInput'.
  Type '{ uid: string; email: string; displayName: string; roleId: "super_admin" | "admin" | "operativo" | "repartidor"; isActive: boolean; }' is missing the following properties from type 'SaveUserInput': authEmail, username, loginType, mustChangePassword, and 2 more.[0m [1m[35m[plugin angular-compiler][0m

    src/app/features/usuarios/usuarios.ts:181:39:
[37m      181 │       await this.usersService.saveUser([32m{[37m
          ╵                                        [32m^[0m


[31mX [41;31m[[41;97mERROR[41;31m][0m [1mCould not resolve "./core/admin.guard"[0m

    src/app/app.routes.ts:1:27:
[37m      1 │ import { adminGuard } from [32m"./core/admin.guard"[37m;
        ╵                            [32m~~~~~~~~~~~~~~~~~~~~[0m

[39m[22m
[1m[31m[31mX [41;31m[[41;97mERROR[41;31m][0m [1mTS2307: Cannot find module './core/admin.guard' or its corresponding type declarations.[0m [1m[35m[plugin angular-compiler][0m

    src/app/app.routes.ts:2:27:
[37m      2 │ import { adminGuard } from [32m"./core/admin.guard"[37m;
        ╵                            [32m~~~~~~~~~~~~~~~~~~~~[0m


[31mX [41;31m[[41;97mERROR[41;31m][0m [1mTS2345: Argument of type '{ uid: string; email: string; displayName: string; roleId: "super_admin" | "admin" | "operativo" | "repartidor"; isActive: boolean; }' is not assignable to parameter of type 'SaveUserInput'.
  Type '{ uid: string; email: string; displayName: string; roleId: "super_admin" | "admin" | "operativo" | "repartidor"; isActive: boolean; }' is missing the following properties from type 'SaveUserInput': authEmail, username, loginType, mustChangePassword, and 2 more.[0m [1m[35m[plugin angular-compiler][0m

    src/app/features/usuarios/usuarios.ts:181:39:
[37m      181 │       await this.usersService.saveUser([32m{[37m
          ╵                                        [32m^[0m


[31mX [41;31m[[41;97mERROR[41;31m][0m [1mCould not resolve "./core/admin.guard"[0m

    src/app/app.routes.ts:1:27:
[37m      1 │ import { adminGuard } from [32m"./core/admin.guard"[37m;
        ╵                            [32m~~~~~~~~~~~~~~~~~~~~[0m

[39m[22m
[1m[31m[31mX [41;31m[[41;97mERROR[41;31m][0m [1mTS2307: Cannot find module './features/auth/login/login' or its corresponding type declarations.[0m [1m[35m[plugin angular-compiler][0m

    src/app/app.routes.ts:8:32:
[37m      8 │ ...ent: () => import([32m"./features/auth/login/login"[37m).then((m) => m.d...
        ╵                      [32m~~~~~~~~~~~~~~~~~~~~~~~~~~~~~[0m


[31mX [41;31m[[41;97mERROR[41;31m][0m [1mTS2345: Argument of type '{ uid: string; email: string; displayName: string; roleId: "super_admin" | "admin" | "operativo" | "repartidor"; isActive: boolean; }' is not assignable to parameter of type 'SaveUserInput'.
  Type '{ uid: string; email: string; displayName: string; roleId: "super_admin" | "admin" | "operativo" | "repartidor"; isActive: boolean; }' is missing the following properties from type 'SaveUserInput': authEmail, username, loginType, mustChangePassword, and 2 more.[0m [1m[35m[plugin angular-compiler][0m

    src/app/features/usuarios/usuarios.ts:181:39:
[37m      181 │       await this.usersService.saveUser([32m{[37m
          ╵                                        [32m^[0m


[31mX [41;31m[[41;97mERROR[41;31m][0m [1mCould not resolve "./features/auth/login/login"[0m

    src/app/app.routes.ts:7:36:
[37m      7 │ ...ent: () => import([32m"./features/auth/login/login"[37m).then((m) => m.d...
        ╵                      [32m~~~~~~~~~~~~~~~~~~~~~~~~~~~~~[0m

[39m[22m
[1m[31m[31mX [41;31m[[41;97mERROR[41;31m][0m [1mTS2307: Cannot find module './features/auth/login/login' or its corresponding type declarations.[0m [1m[35m[plugin angular-compiler][0m

    src/app/app.routes.ts:8:32:
[37m      8 │ ...ent: () => import([32m"./features/auth/login/login"[37m).then((m) => m.d...
        ╵                      [32m~~~~~~~~~~~~~~~~~~~~~~~~~~~~~[0m


[31mX [41;31m[[41;97mERROR[41;31m][0m [1mTS2345: Argument of type '{ uid: string; email: string; displayName: string; roleId: "super_admin" | "admin" | "operativo" | "repartidor"; isActive: boolean; }' is not assignable to parameter of type 'SaveUserInput'.
  Type '{ uid: string; email: string; displayName: string; roleId: "super_admin" | "admin" | "operativo" | "repartidor"; isActive: boolean; }' is missing the following properties from type 'SaveUserInput': authEmail, username, loginType, mustChangePassword, and 2 more.[0m [1m[35m[plugin angular-compiler][0m

    src/app/features/usuarios/usuarios.ts:181:39:
[37m      181 │       await this.usersService.saveUser([32m{[37m
          ╵                                        [32m^[0m


[31mX [41;31m[[41;97mERROR[41;31m][0m [1mCould not resolve "./features/auth/login/login"[0m

    src/app/app.routes.ts:7:36:
[37m      7 │ ...ent: () => import([32m"./features/auth/login/login"[37m).then((m) => m.d...
        ╵                      [32m~~~~~~~~~~~~~~~~~~~~~~~~~~~~~[0m

[39m[22m
[1m[31m[31mX [41;31m[[41;97mERROR[41;31m][0m [1mTS2307: Cannot find module './features/auth/login/login' or its corresponding type declarations.[0m [1m[35m[plugin angular-compiler][0m

    src/app/app.routes.ts:8:32:
[37m      8 │ ...ent: () => import([32m"./features/auth/login/login"[37m).then((m) => m.d...
        ╵                      [32m~~~~~~~~~~~~~~~~~~~~~~~~~~~~~[0m


[31mX [41;31m[[41;97mERROR[41;31m][0m [1mTS2345: Argument of type '{ uid: string; email: string; displayName: string; roleId: "super_admin" | "admin" | "operativo" | "repartidor"; isActive: boolean; }' is not assignable to parameter of type 'SaveUserInput'.
  Type '{ uid: string; email: string; displayName: string; roleId: "super_admin" | "admin" | "operativo" | "repartidor"; isActive: boolean; }' is missing the following properties from type 'SaveUserInput': authEmail, username, loginType, mustChangePassword, and 2 more.[0m [1m[35m[plugin angular-compiler][0m

    src/app/features/usuarios/usuarios.ts:181:39:
[37m      181 │       await this.usersService.saveUser([32m{[37m
          ╵                                        [32m^[0m


[31mX [41;31m[[41;97mERROR[41;31m][0m [1mCould not resolve "./features/auth/login/login"[0m

    src/app/app.routes.ts:7:36:
[37m      7 │ ...ent: () => import([32m"./features/auth/login/login"[37m).then((m) => m.d...
        ╵                      [32m~~~~~~~~~~~~~~~~~~~~~~~~~~~~~[0m

[39m[22m
[1m[31m[31mX [41;31m[[41;97mERROR[41;31m][0m [1mTS2307: Cannot find module './features/auth/login/login' or its corresponding type declarations.[0m [1m[35m[plugin angular-compiler][0m

    src/app/app.routes.ts:8:32:
[37m      8 │ ...ent: () => import([32m"./features/auth/login/login"[37m).then((m) => m.d...
        ╵                      [32m~~~~~~~~~~~~~~~~~~~~~~~~~~~~~[0m


[31mX [41;31m[[41;97mERROR[41;31m][0m [1mTS2345: Argument of type '{ uid: string; email: string; displayName: string; roleId: "super_admin" | "admin" | "operativo" | "repartidor"; isActive: boolean; }' is not assignable to parameter of type 'SaveUserInput'.
  Type '{ uid: string; email: string; displayName: string; roleId: "super_admin" | "admin" | "operativo" | "repartidor"; isActive: boolean; }' is missing the following properties from type 'SaveUserInput': authEmail, username, loginType, mustChangePassword, and 2 more.[0m [1m[35m[plugin angular-compiler][0m

    src/app/features/usuarios/usuarios.ts:181:39:
[37m      181 │       await this.usersService.saveUser([32m{[37m
          ╵                                        [32m^[0m


[31mX [41;31m[[41;97mERROR[41;31m][0m [1mCould not resolve "./features/auth/login/login"[0m

    src/app/app.routes.ts:7:36:
[37m      7 │ ...ent: () => import([32m"./features/auth/login/login"[37m).then((m) => m.d...
        ╵                      [32m~~~~~~~~~~~~~~~~~~~~~~~~~~~~~[0m

[39m[22m
[1m[31m[31mX [41;31m[[41;97mERROR[41;31m][0m [1mTS2345: Argument of type '{ uid: string; email: string; displayName: string; roleId: "super_admin" | "admin" | "operativo" | "repartidor"; isActive: boolean; }' is not assignable to parameter of type 'SaveUserInput'.
  Type '{ uid: string; email: string; displayName: string; roleId: "super_admin" | "admin" | "operativo" | "repartidor"; isActive: boolean; }' is missing the following properties from type 'SaveUserInput': authEmail, username, loginType, mustChangePassword, and 2 more.[0m [1m[35m[plugin angular-compiler][0m

    src/app/features/usuarios/usuarios.ts:181:39:
[37m      181 │       await this.usersService.saveUser([32m{[37m
          ╵                                        [32m^[0m

[39m[22m
[1m[31m[31mX [41;31m[[41;97mERROR[41;31m][0m [1mTS2345: Argument of type '{ uid: string; email: string; displayName: string; roleId: "super_admin" | "admin" | "operativo" | "repartidor"; isActive: boolean; }' is not assignable to parameter of type 'SaveUserInput'.
  Type '{ uid: string; email: string; displayName: string; roleId: "super_admin" | "admin" | "operativo" | "repartidor"; isActive: boolean; }' is missing the following properties from type 'SaveUserInput': authEmail, username, loginType, mustChangePassword, and 2 more.[0m [1m[35m[plugin angular-compiler][0m

    src/app/features/usuarios/usuarios.ts:181:39:
[37m      181 │       await this.usersService.saveUser([32m{[37m
          ╵                                        [32m^[0m

[39m[22m
[1m[31m[31mX [41;31m[[41;97mERROR[41;31m][0m [1mTS2307: Cannot find module './features/main/main-layout' or its corresponding type declarations.[0m [1m[35m[plugin angular-compiler][0m

    src/app/app.routes.ts:17:32:
[37m      17 │ ...nt: () => import([32m"./features/main/main-layout"[37m).then((m) => m.d...
         ╵                     [32m~~~~~~~~~~~~~~~~~~~~~~~~~~~~~[0m


[31mX [41;31m[[41;97mERROR[41;31m][0m [1mTS2345: Argument of type '{ uid: string; email: string; displayName: string; roleId: "super_admin" | "admin" | "operativo" | "repartidor"; isActive: boolean; }' is not assignable to parameter of type 'SaveUserInput'.
  Type '{ uid: string; email: string; displayName: string; roleId: "super_admin" | "admin" | "operativo" | "repartidor"; isActive: boolean; }' is missing the following properties from type 'SaveUserInput': authEmail, username, loginType, mustChangePassword, and 2 more.[0m [1m[35m[plugin angular-compiler][0m

    src/app/features/usuarios/usuarios.ts:181:39:
[37m      181 │       await this.usersService.saveUser([32m{[37m
          ╵                                        [32m^[0m


[31mX [41;31m[[41;97mERROR[41;31m][0m [1mCould not resolve "./features/main/main-layout"[0m

    src/app/app.routes.ts:16:36:
[37m      16 │ ...nt: () => import([32m"./features/main/main-layout"[37m).then((m) => m.d...
         ╵                     [32m~~~~~~~~~~~~~~~~~~~~~~~~~~~~~[0m

[39m[22m
[1m[31m[31mX [41;31m[[41;97mERROR[41;31m][0m [1mTS2307: Cannot find module './features/main/main-layout' or its corresponding type declarations.[0m [1m[35m[plugin angular-compiler][0m

    src/app/app.routes.ts:17:32:
[37m      17 │ ...nt: () => import([32m"./features/main/main-layout"[37m).then((m) => m.d...
         ╵                     [32m~~~~~~~~~~~~~~~~~~~~~~~~~~~~~[0m


[31mX [41;31m[[41;97mERROR[41;31m][0m [1mTS2345: Argument of type '{ uid: string; email: string; displayName: string; roleId: "super_admin" | "admin" | "operativo" | "repartidor"; isActive: boolean; }' is not assignable to parameter of type 'SaveUserInput'.
  Type '{ uid: string; email: string; displayName: string; roleId: "super_admin" | "admin" | "operativo" | "repartidor"; isActive: boolean; }' is missing the following properties from type 'SaveUserInput': authEmail, username, loginType, mustChangePassword, and 2 more.[0m [1m[35m[plugin angular-compiler][0m

    src/app/features/usuarios/usuarios.ts:181:39:
[37m      181 │       await this.usersService.saveUser([32m{[37m
          ╵                                        [32m^[0m


[31mX [41;31m[[41;97mERROR[41;31m][0m [1mCould not resolve "./features/main/main-layout"[0m

    src/app/app.routes.ts:16:36:
[37m      16 │ ...nt: () => import([32m"./features/main/main-layout"[37m).then((m) => m.d...
         ╵                     [32m~~~~~~~~~~~~~~~~~~~~~~~~~~~~~[0m

[39m[22m
[1m[31m[31mX [41;31m[[41;97mERROR[41;31m][0m [1mTS2307: Cannot find module './features/main/main-layout' or its corresponding type declarations.[0m [1m[35m[plugin angular-compiler][0m

    src/app/app.routes.ts:17:32:
[37m      17 │ ...nt: () => import([32m"./features/main/main-layout"[37m).then((m) => m.d...
         ╵                     [32m~~~~~~~~~~~~~~~~~~~~~~~~~~~~~[0m


[31mX [41;31m[[41;97mERROR[41;31m][0m [1mTS2345: Argument of type '{ uid: string; email: string; displayName: string; roleId: "super_admin" | "admin" | "operativo" | "repartidor"; isActive: boolean; }' is not assignable to parameter of type 'SaveUserInput'.
  Type '{ uid: string; email: string; displayName: string; roleId: "super_admin" | "admin" | "operativo" | "repartidor"; isActive: boolean; }' is missing the following properties from type 'SaveUserInput': authEmail, username, loginType, mustChangePassword, and 2 more.[0m [1m[35m[plugin angular-compiler][0m

    src/app/features/usuarios/usuarios.ts:181:39:
[37m      181 │       await this.usersService.saveUser([32m{[37m
          ╵                                        [32m^[0m


[31mX [41;31m[[41;97mERROR[41;31m][0m [1mCould not resolve "./features/main/main-layout"[0m

    src/app/app.routes.ts:16:36:
[37m      16 │ ...nt: () => import([32m"./features/main/main-layout"[37m).then((m) => m.d...
         ╵                     [32m~~~~~~~~~~~~~~~~~~~~~~~~~~~~~[0m

[39m[22m
[1m[31m[31mX [41;31m[[41;97mERROR[41;31m][0m [1mTS2345: Argument of type '{ uid: string; email: string; displayName: string; roleId: "super_admin" | "admin" | "operativo" | "repartidor"; isActive: boolean; }' is not assignable to parameter of type 'SaveUserInput'.
  Type '{ uid: string; email: string; displayName: string; roleId: "super_admin" | "admin" | "operativo" | "repartidor"; isActive: boolean; }' is missing the following properties from type 'SaveUserInput': authEmail, username, loginType, mustChangePassword, and 2 more.[0m [1m[35m[plugin angular-compiler][0m

    src/app/features/usuarios/usuarios.ts:181:39:
[37m      181 │       await this.usersService.saveUser([32m{[37m
          ╵                                        [32m^[0m

[39m[22m
[1m[31m[31mX [41;31m[[41;97mERROR[41;31m][0m [1mTS2307: Cannot find module './features/usuarios/usuarios' or its corresponding type declarations.[0m [1m[35m[plugin angular-compiler][0m

    src/app/app.routes.ts:125:36:
[37m      125 │ ...t: () => import([32m"./features/usuarios/usuarios"[37m).then((m) => m....
          ╵                    [32m~~~~~~~~~~~~~~~~~~~~~~~~~~~~~~[0m


[31mX [41;31m[[41;97mERROR[41;31m][0m [1mCould not resolve "./features/usuarios/usuarios"[0m

    src/app/app.routes.ts:122:44:
[37m      122 │ ...t: () => import([32m"./features/usuarios/usuarios"[37m).then((m) => m....
          ╵                    [32m~~~~~~~~~~~~~~~~~~~~~~~~~~~~~~[0m

[39m[22m
[1m[31m[31mX [41;31m[[41;97mERROR[41;31m][0m [1mTS2307: Cannot find module './features/usuarios/usuarios' or its corresponding type declarations.[0m [1m[35m[plugin angular-compiler][0m

    src/app/app.routes.ts:125:36:
[37m      125 │ ...t: () => import([32m"./features/usuarios/usuarios"[37m).then((m) => m....
          ╵                    [32m~~~~~~~~~~~~~~~~~~~~~~~~~~~~~~[0m


[31mX [41;31m[[41;97mERROR[41;31m][0m [1mCould not resolve "./features/usuarios/usuarios"[0m

    src/app/app.routes.ts:122:44:
[37m      122 │ ...t: () => import([32m"./features/usuarios/usuarios"[37m).then((m) => m....
          ╵                    [32m~~~~~~~~~~~~~~~~~~~~~~~~~~~~~~[0m

[39m[22m
[1m[31m[31mX [41;31m[[41;97mERROR[41;31m][0m [1mTS2307: Cannot find module './features/usuarios/usuarios' or its corresponding type declarations.[0m [1m[35m[plugin angular-compiler][0m

    src/app/app.routes.ts:125:36:
[37m      125 │ ...t: () => import([32m"./features/usuarios/usuarios"[37m).then((m) => m....
          ╵                    [32m~~~~~~~~~~~~~~~~~~~~~~~~~~~~~~[0m


[31mX [41;31m[[41;97mERROR[41;31m][0m [1mCould not resolve "./features/usuarios/usuarios"[0m

    src/app/app.routes.ts:122:44:
[37m      122 │ ...t: () => import([32m"./features/usuarios/usuarios"[37m).then((m) => m....
          ╵                    [32m~~~~~~~~~~~~~~~~~~~~~~~~~~~~~~[0m

[39m[22m
[1m[31m[31mX [41;31m[[41;97mERROR[41;31m][0m [1mTS2307: Cannot find module './features/usuarios/usuarios' or its corresponding type declarations.[0m [1m[35m[plugin angular-compiler][0m

    src/app/app.routes.ts:125:36:
[37m      125 │ ...t: () => import([32m"./features/usuarios/usuarios"[37m).then((m) => m....
          ╵                    [32m~~~~~~~~~~~~~~~~~~~~~~~~~~~~~~[0m


[31mX [41;31m[[41;97mERROR[41;31m][0m [1mCould not resolve "./features/usuarios/usuarios"[0m

    src/app/app.routes.ts:122:44:
[37m      122 │ ...t: () => import([32m"./features/usuarios/usuarios"[37m).then((m) => m....
          ╵                    [32m~~~~~~~~~~~~~~~~~~~~~~~~~~~~~~[0m

[39m[22m
[1m[31m[31mX [41;31m[[41;97mERROR[41;31m][0m [1mNG2008: Could not find stylesheet file './usuarios.css'.[0m [1m[35m[plugin angular-compiler][0m

    src/app/features/usuarios/usuarios.ts:71:12:
[37m      71 │   styleUrl: [32m"./usuarios.css"[37m,
         ╵             [32m~~~~~~~~~~~~~~~~[0m

[39m[22m
[1m[31m[31mX [41;31m[[41;97mERROR[41;31m][0m [1mNG2008: Could not find stylesheet file './usuarios.css'.[0m [1m[35m[plugin angular-compiler][0m

    src/app/features/usuarios/usuarios.ts:71:12:
[37m      71 │   styleUrl: [32m"./usuarios.css"[37m,
         ╵             [32m~~~~~~~~~~~~~~~~[0m

[39m[22m
[1m[31m[31mX [41;31m[[41;97mERROR[41;31m][0m [1mTS2307: Cannot find module '../../services/user-admin-api.service' or its corresponding type declarations.[0m [1m[35m[plugin angular-compiler][0m

    src/app/features/usuarios/usuarios.ts:23:60:
[37m      23 │ ...serAdminApiService } from [32m"../../services/user-admin-api.service"[37m;
         ╵                              [32m~~~~~~~~~~~~~~~~~~~~~~~~~~~~~~~~~~~~~~~[0m


[31mX [41;31m[[41;97mERROR[41;31m][0m [1mTS2571: Object is of type 'unknown'.[0m [1m[35m[plugin angular-compiler][0m

    src/app/features/usuarios/usuarios.ts:368:27:
[37m      368 │ ...  const result = await [32mthis.userAdminApi[37m.createManagedUser(pay...
          ╵                           [32m~~~~~~~~~~~~~~~~~[0m


[31mX [41;31m[[41;97mERROR[41;31m][0m [1mTS2571: Object is of type 'unknown'.[0m [1m[35m[plugin angular-compiler][0m

    src/app/features/usuarios/usuarios.ts:413:12:
[37m      413 │       await [32mthis.userAdminApi[37m.updateManagedUser(row.uid, {
          ╵             [32m~~~~~~~~~~~~~~~~~[0m


[31mX [41;31m[[41;97mERROR[41;31m][0m [1mTS2571: Object is of type 'unknown'.[0m [1m[35m[plugin angular-compiler][0m

    src/app/features/usuarios/usuarios.ts:468:12:
[37m      468 │       await [32mthis.userAdminApi[37m.resendActivationEmail(row.uid);
          ╵             [32m~~~~~~~~~~~~~~~~~[0m


[31mX [41;31m[[41;97mERROR[41;31m][0m [1mTS2571: Object is of type 'unknown'.[0m [1m[35m[plugin angular-compiler][0m

    src/app/features/usuarios/usuarios.ts:484:27:
[37m      484 │ ...  const result = await [32mthis.userAdminApi[37m.regenerateTemporaryPa...
          ╵                           [32m~~~~~~~~~~~~~~~~~[0m


[31mX [41;31m[[41;97mERROR[41;31m][0m [1mCould not resolve "../../services/user-admin-api.service"[0m

    src/app/features/usuarios/usuarios.ts:7:36:
[37m      7 │ ...UserAdminApiService } from [32m"../../services/user-admin-api.service"[37m;
        ╵                               [32m~~~~~~~~~~~~~~~~~~~~~~~~~~~~~~~~~~~~~~~[0m

[39m[22m
[1m[31m[31mX [41;31m[[41;97mERROR[41;31m][0m [1mTS2307: Cannot find module '../../services/user-admin-api.service' or its corresponding type declarations.[0m [1m[35m[plugin angular-compiler][0m

    src/app/features/usuarios/usuarios.ts:23:60:
[37m      23 │ ...serAdminApiService } from [32m"../../services/user-admin-api.service"[37m;
         ╵                              [32m~~~~~~~~~~~~~~~~~~~~~~~~~~~~~~~~~~~~~~~[0m


[31mX [41;31m[[41;97mERROR[41;31m][0m [1mTS2571: Object is of type 'unknown'.[0m [1m[35m[plugin angular-compiler][0m

    src/app/features/usuarios/usuarios.ts:368:27:
[37m      368 │ ...  const result = await [32mthis.userAdminApi[37m.createManagedUser(pay...
          ╵                           [32m~~~~~~~~~~~~~~~~~[0m


[31mX [41;31m[[41;97mERROR[41;31m][0m [1mTS2571: Object is of type 'unknown'.[0m [1m[35m[plugin angular-compiler][0m

    src/app/features/usuarios/usuarios.ts:413:12:
[37m      413 │       await [32mthis.userAdminApi[37m.updateManagedUser(row.uid, {
          ╵             [32m~~~~~~~~~~~~~~~~~[0m


[31mX [41;31m[[41;97mERROR[41;31m][0m [1mTS2571: Object is of type 'unknown'.[0m [1m[35m[plugin angular-compiler][0m

    src/app/features/usuarios/usuarios.ts:468:12:
[37m      468 │       await [32mthis.userAdminApi[37m.resendActivationEmail(row.uid);
          ╵             [32m~~~~~~~~~~~~~~~~~[0m


[31mX [41;31m[[41;97mERROR[41;31m][0m [1mTS2571: Object is of type 'unknown'.[0m [1m[35m[plugin angular-compiler][0m

    src/app/features/usuarios/usuarios.ts:484:27:
[37m      484 │ ...  const result = await [32mthis.userAdminApi[37m.regenerateTemporaryPa...
          ╵                           [32m~~~~~~~~~~~~~~~~~[0m


[31mX [41;31m[[41;97mERROR[41;31m][0m [1mCould not resolve "../../services/user-admin-api.service"[0m

    src/app/features/usuarios/usuarios.ts:7:36:
[37m      7 │ ...UserAdminApiService } from [32m"../../services/user-admin-api.service"[37m;
        ╵                               [32m~~~~~~~~~~~~~~~~~~~~~~~~~~~~~~~~~~~~~~~[0m

[39m[22m
[1m[31m[31mX [41;31m[[41;97mERROR[41;31m][0m [1mTS2741: Property 'permissions' is missing in type '{ displayName: string; username: string; loginType: UserLoginType; roleId: "super_admin" | "admin" | "operativo" | "repartidor"; email: string | undefined; sendActivationEmail: boolean; }' but required in type 'CreateManagedUserInput'.[0m [1m[35m[plugin angular-compiler][0m

    src/app/features/usuarios/usuarios.ts:357:10:
[37m      357 │     const [32mpayload[37m: CreateManagedUserInput = {
          ╵           [32m~~~~~~~[0m

  'permissions' is declared here.

    src/app/services/user-admin-api.service.ts:29:2:
[37m      29 │   [32mpermissions[37m: AdminPermissionsPayload;
         ╵   [32m~~~~~~~~~~~[0m


[31mX [41;31m[[41;97mERROR[41;31m][0m [1mTS2353: Object literal may only specify known properties, and 'displayName' does not exist in type 'UpdateManagedUserInput'.[0m [1m[35m[plugin angular-compiler][0m

    src/app/features/usuarios/usuarios.ts:414:8:
[37m      414 │         [32mdisplayName[37m: draft.displayName.trim(),
          ╵         [32m~~~~~~~~~~~[0m

[39m[22m
[1m[31m[31mX [41;31m[[41;97mERROR[41;31m][0m [1mTS2339: Property 'buildAdminPermissions' does not exist on type 'UsuariosPage'.[0m [1m[35m[plugin angular-compiler][0m

    src/app/features/usuarios/usuarios.ts:364:24:
[37m      364 │       permissions: this.[32mbuildAdminPermissions[37m(this.newRoleId(), {}),
          ╵                         [32m~~~~~~~~~~~~~~~~~~~~~[0m


[31mX [41;31m[[41;97mERROR[41;31m][0m [1mTS2353: Object literal may only specify known properties, and 'displayName' does not exist in type 'UpdateManagedUserInput'.[0m [1m[35m[plugin angular-compiler][0m

    src/app/features/usuarios/usuarios.ts:415:8:
[37m      415 │         [32mdisplayName[37m: draft.displayName.trim(),
          ╵         [32m~~~~~~~~~~~[0m

[39m[22m
[1m[31m[31mX [41;31m[[41;97mERROR[41;31m][0m [1mTS2339: Property 'buildAdminPermissions' does not exist on type 'UsuariosPage'.[0m [1m[35m[plugin angular-compiler][0m

    src/app/features/usuarios/usuarios.ts:364:24:
[37m      364 │       permissions: this.[32mbuildAdminPermissions[37m(this.newRoleId(), {}),
          ╵                         [32m~~~~~~~~~~~~~~~~~~~~~[0m


[31mX [41;31m[[41;97mERROR[41;31m][0m [1mTS2339: Property 'buildAdminPermissions' does not exist on type 'UsuariosPage'.[0m [1m[35m[plugin angular-compiler][0m

    src/app/features/usuarios/usuarios.ts:417:26:
[37m      417 │ ...   permissions: this.[32mbuildAdminPermissions[37m(draft.roleId, draft...
          ╵                         [32m~~~~~~~~~~~~~~~~~~~~~[0m

[39m[22m
[1m[31m[31mX [41;31m[[41;97mERROR[41;31m][0m [1mTS2339: Property 'buildAdminPermissions' does not exist on type 'UsuariosPage'.[0m [1m[35m[plugin angular-compiler][0m

    src/app/features/usuarios/usuarios.ts:364:24:
[37m      364 │       permissions: this.[32mbuildAdminPermissions[37m(this.newRoleId(), {}),
          ╵                         [32m~~~~~~~~~~~~~~~~~~~~~[0m


[31mX [41;31m[[41;97mERROR[41;31m][0m [1mTS2339: Property 'buildAdminPermissions' does not exist on type 'UsuariosPage'.[0m [1m[35m[plugin angular-compiler][0m

    src/app/features/usuarios/usuarios.ts:417:26:
[37m      417 │ ...   permissions: this.[32mbuildAdminPermissions[37m(draft.roleId, draft...
          ╵                         [32m~~~~~~~~~~~~~~~~~~~~~[0m


[31mX [41;31m[[41;97mERROR[41;31m][0m [1mTS2339: Property 'buildAdminPermissions' does not exist on type 'UsuariosPage'.[0m [1m[35m[plugin angular-compiler][0m

    src/app/features/usuarios/usuarios.ts:452:26:
[37m      452 │ ...   permissions: this.[32mbuildAdminPermissions[37m(row.roleId, row.sec...
          ╵                         [32m~~~~~~~~~~~~~~~~~~~~~[0m

[39m[22m
[1m[31m[31mX [41;31m[[41;97mERROR[41;31m][0m [1mTS2339: Property 'buildAdminPermissions' does not exist on type 'UsuariosPage'.[0m [1m[35m[plugin angular-compiler][0m

    src/app/features/usuarios/usuarios.ts:364:24:
[37m      364 │       permissions: this.[32mbuildAdminPermissions[37m(this.newRoleId(), {}),
          ╵                         [32m~~~~~~~~~~~~~~~~~~~~~[0m


[31mX [41;31m[[41;97mERROR[41;31m][0m [1mTS2339: Property 'buildAdminPermissions' does not exist on type 'UsuariosPage'.[0m [1m[35m[plugin angular-compiler][0m

    src/app/features/usuarios/usuarios.ts:417:26:
[37m      417 │ ...   permissions: this.[32mbuildAdminPermissions[37m(draft.roleId, draft...
          ╵                         [32m~~~~~~~~~~~~~~~~~~~~~[0m


[31mX [41;31m[[41;97mERROR[41;31m][0m [1mTS2339: Property 'buildAdminPermissions' does not exist on type 'UsuariosPage'.[0m [1m[35m[plugin angular-compiler][0m

    src/app/features/usuarios/usuarios.ts:452:26:
[37m      452 │ ...   permissions: this.[32mbuildAdminPermissions[37m(row.roleId, row.sec...
          ╵                         [32m~~~~~~~~~~~~~~~~~~~~~[0m

[39m[22m
[1m[31m[31mX [41;31m[[41;97mERROR[41;31m][0m [1mTS2307: Cannot find module '../../services/user-admin-api.service' or its corresponding type declarations.[0m [1m[35m[plugin angular-compiler][0m

    src/app/features/usuarios/usuarios.ts:23:85:
[37m      23 │ ...serAdminApiService } from [32m"../../services/user-admin-api.service"[37m;
         ╵                              [32m~~~~~~~~~~~~~~~~~~~~~~~~~~~~~~~~~~~~~~~[0m


[31mX [41;31m[[41;97mERROR[41;31m][0m [1mTS2571: Object is of type 'unknown'.[0m [1m[35m[plugin angular-compiler][0m

    src/app/features/usuarios/usuarios.ts:369:27:
[37m      369 │ ...  const result = await [32mthis.userAdminApi[37m.createManagedUser(pay...
          ╵                           [32m~~~~~~~~~~~~~~~~~[0m


[31mX [41;31m[[41;97mERROR[41;31m][0m [1mTS2571: Object is of type 'unknown'.[0m [1m[35m[plugin angular-compiler][0m

    src/app/features/usuarios/usuarios.ts:414:12:
[37m      414 │       await [32mthis.userAdminApi[37m.updateManagedUser(row.uid, {
          ╵             [32m~~~~~~~~~~~~~~~~~[0m


[31mX [41;31m[[41;97mERROR[41;31m][0m [1mTS2571: Object is of type 'unknown'.[0m [1m[35m[plugin angular-compiler][0m

    src/app/features/usuarios/usuarios.ts:449:12:
[37m      449 │       await [32mthis.userAdminApi[37m.updateManagedUser(row.uid, {
          ╵             [32m~~~~~~~~~~~~~~~~~[0m


[31mX [41;31m[[41;97mERROR[41;31m][0m [1mTS2571: Object is of type 'unknown'.[0m [1m[35m[plugin angular-compiler][0m

    src/app/features/usuarios/usuarios.ts:470:12:
[37m      470 │       await [32mthis.userAdminApi[37m.resendActivationEmail(row.uid);
          ╵             [32m~~~~~~~~~~~~~~~~~[0m


[31mX [41;31m[[41;97mERROR[41;31m][0m [1mTS2571: Object is of type 'unknown'.[0m [1m[35m[plugin angular-compiler][0m

    src/app/features/usuarios/usuarios.ts:486:27:
[37m      486 │ ...  const result = await [32mthis.userAdminApi[37m.regenerateTemporaryPa...
          ╵                           [32m~~~~~~~~~~~~~~~~~[0m


[31mX [41;31m[[41;97mERROR[41;31m][0m [1mCould not resolve "../../services/user-admin-api.service"[0m

    src/app/features/usuarios/usuarios.ts:7:36:
[37m      7 │ ...UserAdminApiService } from [32m"../../services/user-admin-api.service"[37m;
        ╵                               [32m~~~~~~~~~~~~~~~~~~~~~~~~~~~~~~~~~~~~~~~[0m

[39m[22m
[1m[31m[31mX [41;31m[[41;97mERROR[41;31m][0m [1mTS2307: Cannot find module '../../services/user-admin-api.service' or its corresponding type declarations.[0m [1m[35m[plugin angular-compiler][0m

    src/app/features/usuarios/usuarios.ts:23:85:
[37m      23 │ ...serAdminApiService } from [32m"../../services/user-admin-api.service"[37m;
         ╵                              [32m~~~~~~~~~~~~~~~~~~~~~~~~~~~~~~~~~~~~~~~[0m


[31mX [41;31m[[41;97mERROR[41;31m][0m [1mTS2571: Object is of type 'unknown'.[0m [1m[35m[plugin angular-compiler][0m

    src/app/features/usuarios/usuarios.ts:369:27:
[37m      369 │ ...  const result = await [32mthis.userAdminApi[37m.createManagedUser(pay...
          ╵                           [32m~~~~~~~~~~~~~~~~~[0m


[31mX [41;31m[[41;97mERROR[41;31m][0m [1mTS2571: Object is of type 'unknown'.[0m [1m[35m[plugin angular-compiler][0m

    src/app/features/usuarios/usuarios.ts:414:12:
[37m      414 │       await [32mthis.userAdminApi[37m.updateManagedUser(row.uid, {
          ╵             [32m~~~~~~~~~~~~~~~~~[0m


[31mX [41;31m[[41;97mERROR[41;31m][0m [1mTS2571: Object is of type 'unknown'.[0m [1m[35m[plugin angular-compiler][0m

    src/app/features/usuarios/usuarios.ts:449:12:
[37m      449 │       await [32mthis.userAdminApi[37m.updateManagedUser(row.uid, {
          ╵             [32m~~~~~~~~~~~~~~~~~[0m


[31mX [41;31m[[41;97mERROR[41;31m][0m [1mTS2571: Object is of type 'unknown'.[0m [1m[35m[plugin angular-compiler][0m

    src/app/features/usuarios/usuarios.ts:470:12:
[37m      470 │       await [32mthis.userAdminApi[37m.resendActivationEmail(row.uid);
          ╵             [32m~~~~~~~~~~~~~~~~~[0m


[31mX [41;31m[[41;97mERROR[41;31m][0m [1mTS2571: Object is of type 'unknown'.[0m [1m[35m[plugin angular-compiler][0m

    src/app/features/usuarios/usuarios.ts:486:27:
[37m      486 │ ...  const result = await [32mthis.userAdminApi[37m.regenerateTemporaryPa...
          ╵                           [32m~~~~~~~~~~~~~~~~~[0m


[31mX [41;31m[[41;97mERROR[41;31m][0m [1mCould not resolve "../../services/user-admin-api.service"[0m

    src/app/features/usuarios/usuarios.ts:7:36:
[37m      7 │ ...UserAdminApiService } from [32m"../../services/user-admin-api.service"[37m;
        ╵                               [32m~~~~~~~~~~~~~~~~~~~~~~~~~~~~~~~~~~~~~~~[0m

[39m[22m
[1m[31m[31mX [41;31m[[41;97mERROR[41;31m][0m [1mTS2739: Type '{ uid: string; email: string; authEmail: string; username: string; loginType: UserLoginType; displayName: string; roleId: "super_admin" | "admin" | "operativo" | "repartidor"; ... 5 more ...; updatedAt: null; }' is missing the following properties from type 'UserDoc': sections, capabilities[0m [1m[35m[plugin angular-compiler][0m

    src/app/features/usuarios/usuarios.ts:166:4:
[37m      166 │     [32mreturn[37m {
          ╵     [32m~~~~~~[0m


[31mX [41;31m[[41;97mERROR[41;31m][0m [1mTS2739: Type '{ uid: string; email: string; authEmail: string; username: string; loginType: UserLoginType; displayName: any; roleId: "super_admin" | "admin" | "operativo" | "repartidor"; ... 5 more ...; updatedAt: null; }' is missing the following properties from type 'UserDoc': sections, capabilities[0m [1m[35m[plugin angular-compiler][0m

    src/app/services/users.service.ts:136:4:
[37m      136 │     [32mreturn[37m {
          ╵     [32m~~~~~~[0m


[31mX [41;31m[[41;97mERROR[41;31m][0m [1mTS2739: Type '{ uid: string; email: any; authEmail: any; username: string; loginType: UserLoginType; displayName: any; roleId: "super_admin" | "admin" | "operativo" | "repartidor"; isActive: boolean; ... 4 more ...; updatedAt: any; }' is missing the following properties from type 'UserDoc': sections, capabilities[0m [1m[35m[plugin angular-compiler][0m

    src/app/services/users.service.ts:229:4:
[37m      229 │     [32mreturn[37m {
          ╵     [32m~~~~~~[0m

[39m[22m
[1m[31m[31mX [41;31m[[41;97mERROR[41;31m][0m [1mTS2739: Type '{ uid: string; email: string; authEmail: string; username: string; loginType: UserLoginType; displayName: string; roleId: "super_admin" | "admin" | "operativo" | "repartidor"; ... 5 more ...; updatedAt: null; }' is missing the following properties from type 'UserDoc': sections, capabilities[0m [1m[35m[plugin angular-compiler][0m

    src/app/features/usuarios/usuarios.ts:166:4:
[37m      166 │     [32mreturn[37m {
          ╵     [32m~~~~~~[0m

[39m[22m
[1m[31m[31mX [41;31m[[41;97mERROR[41;31m][0m [1mTS2339: Property 'sections' does not exist on type 'ImpersonationSnapshot'.[0m [1m[35m[plugin angular-compiler][0m

    src/app/core/authz.service.ts:55:30:
[37m      55 │       sections: { ...snapshot.[32msections[37m },
         ╵                               [32m~~~~~~~~[0m


[31mX [41;31m[[41;97mERROR[41;31m][0m [1mTS2339: Property 'capabilities' does not exist on type 'ImpersonationSnapshot'.[0m [1m[35m[plugin angular-compiler][0m

    src/app/core/authz.service.ts:56:34:
[37m      56 │       capabilities: { ...snapshot.[32mcapabilities[37m },
         ╵                                   [32m~~~~~~~~~~~~[0m


[31mX [41;31m[[41;97mERROR[41;31m][0m [1mTS2739: Type '{ uid: string; email: string; authEmail: string; username: string; loginType: UserLoginType; displayName: string; roleId: "super_admin" | "admin" | "operativo" | "repartidor"; ... 5 more ...; updatedAt: null; }' is missing the following properties from type 'UserDoc': sections, capabilities[0m [1m[35m[plugin angular-compiler][0m

    src/app/features/usuarios/usuarios.ts:166:4:
[37m      166 │     [32mreturn[37m {
          ╵     [32m~~~~~~[0m

[39m[22m
[1m[31m[31mX [41;31m[[41;97mERROR[41;31m][0m [1mTS2339: Property 'sections' does not exist on type 'ImpersonationSnapshot'.[0m [1m[35m[plugin angular-compiler][0m

    src/app/core/authz.service.ts:51:30:
[37m      51 │       sections: { ...snapshot.[32msections[37m },
         ╵                               [32m~~~~~~~~[0m


[31mX [41;31m[[41;97mERROR[41;31m][0m [1mTS2339: Property 'capabilities' does not exist on type 'ImpersonationSnapshot'.[0m [1m[35m[plugin angular-compiler][0m

    src/app/core/authz.service.ts:52:34:
[37m      52 │       capabilities: { ...snapshot.[32mcapabilities[37m },
         ╵                                   [32m~~~~~~~~~~~~[0m


[31mX [41;31m[[41;97mERROR[41;31m][0m [1mTS2739: Type '{ uid: string; email: string; authEmail: string; username: string; loginType: UserLoginType; displayName: string; roleId: "super_admin" | "admin" | "operativo" | "repartidor"; ... 5 more ...; updatedAt: null; }' is missing the following properties from type 'UserDoc': sections, capabilities[0m [1m[35m[plugin angular-compiler][0m

    src/app/features/usuarios/usuarios.ts:166:4:
[37m      166 │     [32mreturn[37m {
          ╵     [32m~~~~~~[0m

[39m[22m
[1m[31m[31mX [41;31m[[41;97mERROR[41;31m][0m [1mTS2339: Property 'sections' does not exist on type 'ImpersonationSnapshot'.[0m [1m[35m[plugin angular-compiler][0m

    src/app/core/authz.service.ts:54:30:
[37m      54 │       sections: { ...snapshot.[32msections[37m },
         ╵                               [32m~~~~~~~~[0m


[31mX [41;31m[[41;97mERROR[41;31m][0m [1mTS2339: Property 'capabilities' does not exist on type 'ImpersonationSnapshot'.[0m [1m[35m[plugin angular-compiler][0m

    src/app/core/authz.service.ts:55:34:
[37m      55 │       capabilities: { ...snapshot.[32mcapabilities[37m },
         ╵                                   [32m~~~~~~~~~~~~[0m


[31mX [41;31m[[41;97mERROR[41;31m][0m [1mTS2739: Type '{ uid: string; email: string; authEmail: string; username: string; loginType: UserLoginType; displayName: string; roleId: "super_admin" | "admin" | "operativo" | "repartidor"; ... 5 more ...; updatedAt: null; }' is missing the following properties from type 'UserDoc': sections, capabilities[0m [1m[35m[plugin angular-compiler][0m

    src/app/features/usuarios/usuarios.ts:166:4:
[37m      166 │     [32mreturn[37m {
          ╵     [32m~~~~~~[0m

[39m[22m
[1m[31m[31mX [41;31m[[41;97mERROR[41;31m][0m [1mTS2339: Property 'sections' does not exist on type 'ImpersonationSnapshot'.[0m [1m[35m[plugin angular-compiler][0m

    src/app/core/authz.service.ts:53:30:
[37m      53 │       sections: { ...snapshot.[32msections[37m },
         ╵                               [32m~~~~~~~~[0m


[31mX [41;31m[[41;97mERROR[41;31m][0m [1mTS2339: Property 'capabilities' does not exist on type 'ImpersonationSnapshot'.[0m [1m[35m[plugin angular-compiler][0m

    src/app/core/authz.service.ts:54:34:
[37m      54 │       capabilities: { ...snapshot.[32mcapabilities[37m },
         ╵                                   [32m~~~~~~~~~~~~[0m


[31mX [41;31m[[41;97mERROR[41;31m][0m [1mTS2739: Type '{ uid: string; email: string; authEmail: string; username: string; loginType: UserLoginType; displayName: string; roleId: "super_admin" | "admin" | "operativo" | "repartidor"; ... 5 more ...; updatedAt: null; }' is missing the following properties from type 'UserDoc': sections, capabilities[0m [1m[35m[plugin angular-compiler][0m

    src/app/features/usuarios/usuarios.ts:166:4:
[37m      166 │     [32mreturn[37m {
          ╵     [32m~~~~~~[0m

[39m[22m
[1m[31m[31mX [41;31m[[41;97mERROR[41;31m][0m [1mTS2322: Type 'SectionsMap | {}' is not assignable to type 'SectionsMap'.
  Type '{}' is missing the following properties from type 'SectionsMap': "sections.dashboard", "sections.pedidos", "sections.proveedores", "sections.validacion", and 8 more.[0m [1m[35m[plugin angular-compiler][0m

    src/app/core/impersonation.service.ts:79:8:
[37m      79 │         [32msections[37m: typeof parsed.sections === "object" && parsed.se...
         ╵         [32m~~~~~~~~[0m


[31mX [41;31m[[41;97mERROR[41;31m][0m [1mTS2322: Type 'CapabilitiesMap | {}' is not assignable to type 'CapabilitiesMap'.
  Type '{}' is missing the following properties from type 'CapabilitiesMap': "cap.users.view", "cap.users.invite", "cap.users.edit", "cap.users.disable", and 64 more.[0m [1m[35m[plugin angular-compiler][0m

    src/app/core/impersonation.service.ts:80:8:
[37m      80 │         [32mcapabilities[37m: typeof parsed.capabilities === "object" && p...
         ╵         [32m~~~~~~~~~~~~[0m


[31mX [41;31m[[41;97mERROR[41;31m][0m [1mTS2739: Type '{ uid: string; email: string; authEmail: string; username: string; loginType: UserLoginType; displayName: string; roleId: "super_admin" | "admin" | "operativo" | "repartidor"; ... 5 more ...; updatedAt: null; }' is missing the following properties from type 'UserDoc': sections, capabilities[0m [1m[35m[plugin angular-compiler][0m

    src/app/features/usuarios/usuarios.ts:166:4:
[37m      166 │     [32mreturn[37m {
          ╵     [32m~~~~~~[0m

[39m[22m
[1m[31m[31mX [41;31m[[41;97mERROR[41;31m][0m [1mTS2739: Type '{ uid: string; email: string; authEmail: string; username: string; loginType: UserLoginType; displayName: string; roleId: "super_admin" | "admin" | "operativo" | "repartidor"; ... 5 more ...; updatedAt: null; }' is missing the following properties from type 'UserDoc': sections, capabilities[0m [1m[35m[plugin angular-compiler][0m

    src/app/features/usuarios/usuarios.ts:166:4:
[37m      166 │     [32mreturn[37m {
          ╵     [32m~~~~~~[0m

[39m[22m
[1m[31m[31mX [41;31m[[41;97mERROR[41;31m][0m [1mTS2339: Property 'salidas' does not exist on type 'AdminPermissionsPayload'.[0m [1m[35m[plugin angular-compiler][0m

    src/app/features/usuarios/usuarios.ts:684:38:
[37m      684 │       "sections.salidas": permissions.[32msalidas[37m,
          ╵                                       [32m~~~~~~~[0m

[39m[22m
[1m[31m[31mX [41;31m[[41;97mERROR[41;31m][0m [1mTS2339: Property 'salidas' does not exist on type 'AdminPermissionsPayload'.[0m [1m[35m[plugin angular-compiler][0m

    src/app/features/usuarios/usuarios.ts:684:38:
[37m      684 │       "sections.salidas": permissions.[32msalidas[37m,
          ╵                                       [32m~~~~~~~[0m

[39m[22m
[1m[31m[31mX [41;31m[[41;97mERROR[41;31m][0m [1mTS2339: Property 'salidas' does not exist on type 'AdminPermissionsPayload'.[0m [1m[35m[plugin angular-compiler][0m

    src/app/features/usuarios/usuarios.ts:684:38:
[37m      684 │       "sections.salidas": permissions.[32msalidas[37m,
          ╵                                       [32m~~~~~~~[0m

[39m[22m
[1m[31m[31mX [41;31m[[41;97mERROR[41;31m][0m [1mTS2339: Property 'role' does not exist on type 'SessionBootstrapUser'.[0m [1m[35m[plugin angular-compiler][0m

    src/app/core/auth.service.ts:68:23:
[37m      68 │           roleId: boot.[32mrole[37m || null,
         ╵                        [32m~~~~[0m


[31mX [41;31m[[41;97mERROR[41;31m][0m [1mTS2551: Property 'active' does not exist on type 'SessionBootstrapUser'. Did you mean 'isActive'?[0m [1m[35m[plugin angular-compiler][0m

    src/app/core/auth.service.ts:69:33:
[37m      69 │           isActive: Boolean(boot.[32mactive[37m),
         ╵                                  [32m~~~~~~[0m

  'isActive' is declared here.

    src/app/services/user-admin-api.service.ts:87:2:
[37m      87 │   [32misActive[37m: boolean;
         ╵   [32m~~~~~~~~[0m

[39m[22m
[1m[31m[31mX [41;31m[[41;97mERROR[41;31m][0m [1mTS2339: Property 'sectionOverrides' does not exist on type 'ListManagedUserRow'.[0m [1m[35m[plugin angular-compiler][0m

    src/app/features/usuarios/usuarios.ts:173:62:
[37m      173 │ ...ectionOverridesMap(row.[32msectionOverrides[37m || this.deriveSectionO...
          ╵                           [32m~~~~~~~~~~~~~~~~[0m


[31mX [41;31m[[41;97mERROR[41;31m][0m [1mTS2339: Property 'capabilityOverrides' does not exist on type 'ListManagedUserRow'.[0m [1m[35m[plugin angular-compiler][0m

    src/app/features/usuarios/usuarios.ts:175:10:
[37m      175 │       row.[32mcapabilityOverrides[37m || this.deriveCapabilityOverrides(r...
          ╵           [32m~~~~~~~~~~~~~~~~~~~[0m

[39m[22m
[1m[31m[31mX [41;31m[[41;97mERROR[41;31m][0m [1mTS2339: Property 'role' does not exist on type 'ListManagedUserRow'.[0m [1m[35m[plugin angular-compiler][0m

    src/app/features/usuarios/usuarios.ts:172:37:
[37m      172 │     const roleId = this.isRoleId(row.[32mrole[37m) ? row.role : "operativo";
          ╵                                      [32m~~~~[0m


[31mX [41;31m[[41;97mERROR[41;31m][0m [1mTS2339: Property 'role' does not exist on type 'ListManagedUserRow'.[0m [1m[35m[plugin angular-compiler][0m

    src/app/features/usuarios/usuarios.ts:172:49:
[37m      172 │     const roleId = this.isRoleId(row.role) ? row.[32mrole[37m : "operativo";
          ╵                                                  [32m~~~~[0m


[31mX [41;31m[[41;97mERROR[41;31m][0m [1mTS2339: Property 'permissions' does not exist on type 'ListManagedUserRow'.[0m [1m[35m[plugin angular-compiler][0m

    src/app/features/usuarios/usuarios.ts:174:95:
[37m      174 │ ...ns || this.mapApiPermissionsToSections(row.[32mpermissions[37m, roleId));
          ╵                                               [32m~~~~~~~~~~~[0m


[31mX [41;31m[[41;97mERROR[41;31m][0m [1mTS2551: Property 'display_name' does not exist on type 'ListManagedUserRow'. Did you mean 'displayName'?[0m [1m[35m[plugin angular-compiler][0m

    src/app/features/usuarios/usuarios.ts:190:23:
[37m      190 │       displayName: row.[32mdisplay_name[37m || row.username || row.uid,
          ╵                        [32m~~~~~~~~~~~~[0m

  'displayName' is declared here.

    src/app/services/user-admin-api.service.ts:84:2:
[37m      84 │   [32mdisplayName[37m: string;
         ╵   [32m~~~~~~~~~~~[0m


[31mX [41;31m[[41;97mERROR[41;31m][0m [1mTS2551: Property 'active' does not exist on type 'ListManagedUserRow'. Did you mean 'isActive'?[0m [1m[35m[plugin angular-compiler][0m

    src/app/features/usuarios/usuarios.ts:192:28:
[37m      192 │       isActive: Boolean(row.[32mactive[37m),
          ╵                             [32m~~~~~~[0m

  'isActive' is declared here.

    src/app/services/user-admin-api.service.ts:86:2:
[37m      86 │   [32misActive[37m: boolean;
         ╵   [32m~~~~~~~~[0m


[31mX [41;31m[[41;97mERROR[41;31m][0m [1mTS2551: Property 'must_change_password' does not exist on type 'ListManagedUserRow'. Did you mean 'mustChangePassword'?[0m [1m[35m[plugin angular-compiler][0m

    src/app/features/usuarios/usuarios.ts:193:38:
[37m      193 │       mustChangePassword: Boolean(row.[32mmust_change_password[37m),
          ╵                                       [32m~~~~~~~~~~~~~~~~~~~~[0m

  'mustChangePassword' is declared here.

    src/app/services/user-admin-api.service.ts:88:2:
[37m      88 │   [32mmustChangePassword[37m: boolean;
         ╵   [32m~~~~~~~~~~~~~~~~~~[0m

[39m[22m
[1m[31m[31mX [41;31m[[41;97mERROR[41;31m][0m [1mTS2741: Property 'invitePending' is missing in type '{ uid: string; email: string; authEmail: string; username: string; loginType: UserLoginType; displayName: string; roleId: "super_admin" | "admin" | "operativo" | "repartidor"; ... 7 more ...; updatedAt: null; }' but required in type 'UserDoc'.[0m [1m[35m[plugin angular-compiler][0m

    src/app/features/usuarios/usuarios.ts:178:4:
[37m      178 │     [32mreturn[37m {
          ╵     [32m~~~~~~[0m

  'invitePending' is declared here.

    src/app/core/rbac.constants.ts:113:2:
[37m      113 │   [32minvitePending[37m: boolean;
          ╵   [32m~~~~~~~~~~~~~[0m


[31mX [41;31m[[41;97mERROR[41;31m][0m [1mTS2741: Property 'invitePending' is missing in type '{ uid: string; email: string; authEmail: string; username: string; loginType: UserLoginType; displayName: string; roleId: "super_admin" | "admin" | "operativo" | "repartidor"; ... 7 more ...; updatedAt: null; }' but required in type 'UserDoc'.[0m [1m[35m[plugin angular-compiler][0m

    src/app/services/users.service.ts:58:4:
[37m      58 │     [32mreturn[37m {
         ╵     [32m~~~~~~[0m

  'invitePending' is declared here.

    src/app/core/rbac.constants.ts:113:2:
[37m      113 │   [32minvitePending[37m: boolean;
          ╵   [32m~~~~~~~~~~~~~[0m


[31mX [41;31m[[41;97mERROR[41;31m][0m [1mTS2741: Property 'invitePending' is missing in type '{ uid: string; email: any; authEmail: any; username: string; loginType: UserLoginType; displayName: any; roleId: "super_admin" | "admin" | "operativo" | "repartidor"; isActive: boolean; ... 6 more ...; updatedAt: any; }' but required in type 'UserDoc'.[0m [1m[35m[plugin angular-compiler][0m

    src/app/services/users.service.ts:165:4:
[37m      165 │     [32mreturn[37m {
          ╵     [32m~~~~~~[0m

  'invitePending' is declared here.

    src/app/core/rbac.constants.ts:113:2:
[37m      113 │   [32minvitePending[37m: boolean;
          ╵   [32m~~~~~~~~~~~~~[0m

[39m[22m
[1m[31m[31mX [41;31m[[41;97mERROR[41;31m][0m [1mTS2741: Property 'invitePending' is missing in type '{ uid: string; email: string; authEmail: string; username: string; loginType: UserLoginType; displayName: string; roleId: "super_admin" | "admin" | "operativo" | "repartidor"; ... 7 more ...; updatedAt: null; }' but required in type 'UserDoc'.[0m [1m[35m[plugin angular-compiler][0m

    src/app/features/usuarios/usuarios.ts:178:4:
[37m      178 │     [32mreturn[37m {
          ╵     [32m~~~~~~[0m

  'invitePending' is declared here.

    src/app/core/rbac.constants.ts:113:2:
[37m      113 │   [32minvitePending[37m: boolean;
          ╵   [32m~~~~~~~~~~~~~[0m

[39m[22m
[1m[31m[31mX [41;31m[[41;97mERROR[41;31m][0m [1mTS2339: Property 'invitePending' does not exist on type 'ImpersonationSnapshot'.[0m [1m[35m[plugin angular-compiler][0m

    src/app/core/authz.service.ts:50:30:
[37m      50 │       invitePending: snapshot.[32minvitePending[37m,
         ╵                               [32m~~~~~~~~~~~~~[0m

[39m[22m
[1m[33m[33m▲ [43;33m[[43;30mWARNING[43;33m][0m [1mNG8102: The left side of this nullish coalescing operation does not include 'null' or 'undefined' in its type, therefore the '??' operator can be safely removed.[0m [1m[35m[plugin angular-compiler][0m

    src/app/features/pedidos/pedidos.html:79:52:
[37m      79 │ ...ount" [class.zero]="([32mcounts[intent.id] ?? 0[37m) === 0">{{ counts[i...
         ╵                         [32m~~~~~~~~~~~~~~~~~~~~~~[0m

  Warning occurs in the template of component PedidosPage.

    src/app/features/pedidos/pedidos.ts:40:15:
[37m      40 │   templateUrl: [32m"./pedidos.html"[37m,
         ╵                [32m~~~~~~~~~~~~~~~~[0m


[33m▲ [43;33m[[43;30mWARNING[43;33m][0m [1mNG8102: The left side of this nullish coalescing operation does not include 'null' or 'undefined' in its type, therefore the '??' operator can be safely removed.[0m [1m[35m[plugin angular-compiler][0m

    src/app/features/pedidos/pedidos.html:79:86:
[37m      79 │ ...counts[intent.id] ?? 0) === 0">{{ [32mcounts[intent.id] ?? 0[37m }}</span>
         ╵                                      [32m~~~~~~~~~~~~~~~~~~~~~~[0m

  Warning occurs in the template of component PedidosPage.

    src/app/features/pedidos/pedidos.ts:40:15:
[37m      40 │   templateUrl: [32m"./pedidos.html"[37m,
         ╵                [32m~~~~~~~~~~~~~~~~[0m

[39m[22m
[1m[33m[33m▲ [43;33m[[43;30mWARNING[43;33m][0m [1mNG8102: The left side of this nullish coalescing operation does not include 'null' or 'undefined' in its type, therefore the '??' operator can be safely removed.[0m [1m[35m[plugin angular-compiler][0m

    src/app/features/pedidos/pedidos.html:79:52:
[37m      79 │ ...ount" [class.zero]="([32mcounts[intent.id] ?? 0[37m) === 0">{{ counts[i...
         ╵                         [32m~~~~~~~~~~~~~~~~~~~~~~[0m

  Warning occurs in the template of component PedidosPage.

    src/app/features/pedidos/pedidos.ts:40:15:
[37m      40 │   templateUrl: [32m"./pedidos.html"[37m,
         ╵                [32m~~~~~~~~~~~~~~~~[0m


[33m▲ [43;33m[[43;30mWARNING[43;33m][0m [1mNG8102: The left side of this nullish coalescing operation does not include 'null' or 'undefined' in its type, therefore the '??' operator can be safely removed.[0m [1m[35m[plugin angular-compiler][0m

    src/app/features/pedidos/pedidos.html:79:86:
[37m      79 │ ...counts[intent.id] ?? 0) === 0">{{ [32mcounts[intent.id] ?? 0[37m }}</span>
         ╵                                      [32m~~~~~~~~~~~~~~~~~~~~~~[0m

  Warning occurs in the template of component PedidosPage.

    src/app/features/pedidos/pedidos.ts:40:15:
[37m      40 │   templateUrl: [32m"./pedidos.html"[37m,
         ╵                [32m~~~~~~~~~~~~~~~~[0m

[39m[22m
[1m[33m[33m▲ [43;33m[[43;30mWARNING[43;33m][0m [1mNG8102: The left side of this nullish coalescing operation does not include 'null' or 'undefined' in its type, therefore the '??' operator can be safely removed.[0m [1m[35m[plugin angular-compiler][0m

    src/app/features/pedidos/pedidos.html:79:52:
[37m      79 │ ...ount" [class.zero]="([32mcounts[intent.id] ?? 0[37m) === 0">{{ counts[i...
         ╵                         [32m~~~~~~~~~~~~~~~~~~~~~~[0m

  Warning occurs in the template of component PedidosPage.

    src/app/features/pedidos/pedidos.ts:40:15:
[37m      40 │   templateUrl: [32m"./pedidos.html"[37m,
         ╵                [32m~~~~~~~~~~~~~~~~[0m


[33m▲ [43;33m[[43;30mWARNING[43;33m][0m [1mNG8102: The left side of this nullish coalescing operation does not include 'null' or 'undefined' in its type, therefore the '??' operator can be safely removed.[0m [1m[35m[plugin angular-compiler][0m

    src/app/features/pedidos/pedidos.html:79:86:
[37m      79 │ ...counts[intent.id] ?? 0) === 0">{{ [32mcounts[intent.id] ?? 0[37m }}</span>
         ╵                                      [32m~~~~~~~~~~~~~~~~~~~~~~[0m

  Warning occurs in the template of component PedidosPage.

    src/app/features/pedidos/pedidos.ts:40:15:
[37m      40 │   templateUrl: [32m"./pedidos.html"[37m,
         ╵                [32m~~~~~~~~~~~~~~~~[0m

[39m[22m
[1m[33m[33m▲ [43;33m[[43;30mWARNING[43;33m][0m [1mNG8102: The left side of this nullish coalescing operation does not include 'null' or 'undefined' in its type, therefore the '??' operator can be safely removed.[0m [1m[35m[plugin angular-compiler][0m

    src/app/features/pedidos/pedidos.html:79:52:
[37m      79 │ ...ount" [class.zero]="([32mcounts[intent.id] ?? 0[37m) === 0">{{ counts[i...
         ╵                         [32m~~~~~~~~~~~~~~~~~~~~~~[0m

  Warning occurs in the template of component PedidosPage.

    src/app/features/pedidos/pedidos.ts:40:15:
[37m      40 │   templateUrl: [32m"./pedidos.html"[37m,
         ╵                [32m~~~~~~~~~~~~~~~~[0m


[33m▲ [43;33m[[43;30mWARNING[43;33m][0m [1mNG8102: The left side of this nullish coalescing operation does not include 'null' or 'undefined' in its type, therefore the '??' operator can be safely removed.[0m [1m[35m[plugin angular-compiler][0m

    src/app/features/pedidos/pedidos.html:79:86:
[37m      79 │ ...counts[intent.id] ?? 0) === 0">{{ [32mcounts[intent.id] ?? 0[37m }}</span>
         ╵                                      [32m~~~~~~~~~~~~~~~~~~~~~~[0m

  Warning occurs in the template of component PedidosPage.

    src/app/features/pedidos/pedidos.ts:40:15:
[37m      40 │   templateUrl: [32m"./pedidos.html"[37m,
         ╵                [32m~~~~~~~~~~~~~~~~[0m


[33m▲ [43;33m[[43;30mWARNING[43;33m][0m [1mDuplicate member "orderListStatuses" in class body[0m [duplicate-class-member]

    src/app/features/proveedores-operaciones/proveedores-operaciones.ts:822:4:
[37m      822 │     [32morderListStatuses[37m() {
          ╵     [32m~~~~~~~~~~~~~~~~~[0m

  The original member "orderListStatuses" is here:

    src/app/features/proveedores-operaciones/proveedores-operaciones.ts:466:4:
[37m      466 │     [32morderListStatuses[37m = ["en_camino", "levantado", "por_levantar"...
          ╵     [32m~~~~~~~~~~~~~~~~~[0m

[39m[22m
[1m[31m[31mX [41;31m[[41;97mERROR[41;31m][0m [1mTS2349: This expression is not callable.
  Type 'SupplierOperationStatus[]' has no call signatures.[0m [1m[35m[plugin angular-compiler][0m

    src/app/features/proveedores-operaciones/proveedores-operaciones.html:179:38:
[37m      179 │ ...             @for (status of [32morderListStatuses[37m(); track status) {
          ╵                                 [32m~~~~~~~~~~~~~~~~~[0m

  Error occurs in the template of component ProveedoresOperacionesPage.

    src/app/features/proveedores-operaciones/proveedores-operaciones.ts:72:15:
[37m      72 │   templateUrl: [32m"./proveedores-operaciones.html"[37m,
         ╵                [32m~~~~~~~~~~~~~~~~~~~~~~~~~~~~~~~~[0m


[31mX [41;31m[[41;97mERROR[41;31m][0m [1mTS2300: Duplicate identifier 'orderListStatuses'.[0m [1m[35m[plugin angular-compiler][0m

    src/app/features/proveedores-operaciones/proveedores-operaciones.ts:129:11:
[37m      129 │   readonly [32morderListStatuses[37m: OrdersListStatus[] = ["en_camino", ...
          ╵            [32m~~~~~~~~~~~~~~~~~[0m


[31mX [41;31m[[41;97mERROR[41;31m][0m [1mTS2300: Duplicate identifier 'orderListStatuses'.[0m [1m[35m[plugin angular-compiler][0m

    src/app/features/proveedores-operaciones/proveedores-operaciones.ts:519:2:
[37m      519 │   [32morderListStatuses[37m(): OrdersListStatus[] {
          ╵   [32m~~~~~~~~~~~~~~~~~[0m


[31mX [41;31m[[41;97mERROR[41;31m][0m [1mTS2300: Duplicate identifier 'orderListStatuses'.[0m [1m[35m[plugin angular-compiler][0m

    src/app/features/proveedores-operaciones/proveedores-operaciones.ts:519:2:
[37m      519 │   [32morderListStatuses[37m(): OrdersListStatus[] {
          ╵   [32m~~~~~~~~~~~~~~~~~[0m


[31mX [41;31m[[41;97mERROR[41;31m][0m [1mTS2345: Argument of type 'SupplierOperationRow' is not assignable to parameter of type 'never'.[0m [1m[35m[plugin angular-compiler][0m

    src/app/features/proveedores-operaciones/proveedores-operaciones.ts:593:26:
[37m      593 │       existing.lines.push([32mrow[37m);
          ╵                           [32m~~~[0m


[31mX [41;31m[[41;97mERROR[41;31m][0m [1mTS2345: Argument of type 'SupplierOperationRow' is not assignable to parameter of type 'never'.[0m [1m[35m[plugin angular-compiler][0m

    src/app/features/proveedores-operaciones/proveedores-operaciones.ts:594:46:
[37m      594 │       existing.linesByStatus[row.status].push([32mrow[37m);
          ╵                                               [32m~~~[0m


[31mX [41;31m[[41;97mERROR[41;31m][0m [1mTS2345: Argument of type 'SupplierProductGroup | { key: string; supplierId: string; supplierName: string; productName: string; imageUrl: string | null; size: string; color: string; variant: string; ... 6 more ...; badge: GroupBadge; }' is not assignable to parameter of type 'SupplierProductGroup'.
  Property 'statusSegments' is missing in type '{ key: string; supplierId: string; supplierName: string; productName: string; imageUrl: string | null; size: string; color: string; variant: string; totalQty: number; doneQty: number; progressPct: number; countsByStatus: { ...; }; linesByStatus: { ...; }; lines: never[]; badge: GroupBadge; }' but required in type 'SupplierProductGroup'.[0m [1m[35m[plugin angular-compiler][0m

    src/app/features/proveedores-operaciones/proveedores-operaciones.ts:604:19:
[37m      604 │       map.set(key, [32mexisting[37m);
          ╵                    [32m~~~~~~~~[0m

  'statusSegments' is declared here.

    src/app/features/proveedores-operaciones/proveedores-operaciones.ts:33:2:
[37m      33 │   [32mstatusSegments[37m: ProgressSegmentStatus[];
         ╵   [32m~~~~~~~~~~~~~~[0m

[39m[22m
[1m[33m[33m▲ [43;33m[[43;30mWARNING[43;33m][0m [1mNG8102: The left side of this nullish coalescing operation does not include 'null' or 'undefined' in its type, therefore the '??' operator can be safely removed.[0m [1m[35m[plugin angular-compiler][0m

    src/app/features/pedidos/pedidos.html:79:52:
[37m      79 │ ...ount" [class.zero]="([32mcounts[intent.id] ?? 0[37m) === 0">{{ counts[i...
         ╵                         [32m~~~~~~~~~~~~~~~~~~~~~~[0m

  Warning occurs in the template of component PedidosPage.

    src/app/features/pedidos/pedidos.ts:40:15:
[37m      40 │   templateUrl: [32m"./pedidos.html"[37m,
         ╵                [32m~~~~~~~~~~~~~~~~[0m


[33m▲ [43;33m[[43;30mWARNING[43;33m][0m [1mNG8102: The left side of this nullish coalescing operation does not include 'null' or 'undefined' in its type, therefore the '??' operator can be safely removed.[0m [1m[35m[plugin angular-compiler][0m

    src/app/features/pedidos/pedidos.html:79:86:
[37m      79 │ ...counts[intent.id] ?? 0) === 0">{{ [32mcounts[intent.id] ?? 0[37m }}</span>
         ╵                                      [32m~~~~~~~~~~~~~~~~~~~~~~[0m

  Warning occurs in the template of component PedidosPage.

    src/app/features/pedidos/pedidos.ts:40:15:
[37m      40 │   templateUrl: [32m"./pedidos.html"[37m,
         ╵                [32m~~~~~~~~~~~~~~~~[0m


[33m▲ [43;33m[[43;30mWARNING[43;33m][0m [1mDuplicate member "orderListStatuses" in class body[0m [duplicate-class-member]

    src/app/features/proveedores-operaciones/proveedores-operaciones.ts:822:4:
[37m      822 │     [32morderListStatuses[37m() {
          ╵     [32m~~~~~~~~~~~~~~~~~[0m

  The original member "orderListStatuses" is here:

    src/app/features/proveedores-operaciones/proveedores-operaciones.ts:466:4:
[37m      466 │     [32morderListStatuses[37m = ["en_camino", "levantado", "por_levantar"...
          ╵     [32m~~~~~~~~~~~~~~~~~[0m

[39m[22m
[1m[31m[31mX [41;31m[[41;97mERROR[41;31m][0m [1mTS2339: Property 'getStatusSegments' does not exist on type 'ProveedoresOperacionesPage'.[0m [1m[35m[plugin angular-compiler][0m

    src/app/features/proveedores-operaciones/proveedores-operaciones.html:96:43:
[37m      96 │ ...        @for (segment of [32mgetStatusSegments[37m(group); track $index) {
         ╵                             [32m~~~~~~~~~~~~~~~~~[0m

  Error occurs in the template of component ProveedoresOperacionesPage.

    src/app/features/proveedores-operaciones/proveedores-operaciones.ts:72:15:
[37m      72 │   templateUrl: [32m"./proveedores-operaciones.html"[37m,
         ╵                [32m~~~~~~~~~~~~~~~~~~~~~~~~~~~~~~~~[0m


[31mX [41;31m[[41;97mERROR[41;31m][0m [1mTS2349: This expression is not callable.
  Type 'SupplierOperationStatus[]' has no call signatures.[0m [1m[35m[plugin angular-compiler][0m

    src/app/features/proveedores-operaciones/proveedores-operaciones.html:179:38:
[37m      179 │ ...             @for (status of [32morderListStatuses[37m(); track status) {
          ╵                                 [32m~~~~~~~~~~~~~~~~~[0m

  Error occurs in the template of component ProveedoresOperacionesPage.

    src/app/features/proveedores-operaciones/proveedores-operaciones.ts:72:15:
[37m      72 │   templateUrl: [32m"./proveedores-operaciones.html"[37m,
         ╵                [32m~~~~~~~~~~~~~~~~~~~~~~~~~~~~~~~~[0m


[31mX [41;31m[[41;97mERROR[41;31m][0m [1mTS2300: Duplicate identifier 'orderListStatuses'.[0m [1m[35m[plugin angular-compiler][0m

    src/app/features/proveedores-operaciones/proveedores-operaciones.ts:129:11:
[37m      129 │   readonly [32morderListStatuses[37m: OrdersListStatus[] = ["en_camino", ...
          ╵            [32m~~~~~~~~~~~~~~~~~[0m


[31mX [41;31m[[41;97mERROR[41;31m][0m [1mTS2300: Duplicate identifier 'orderListStatuses'.[0m [1m[35m[plugin angular-compiler][0m

    src/app/features/proveedores-operaciones/proveedores-operaciones.ts:522:2:
[37m      522 │   [32morderListStatuses[37m(): OrdersListStatus[] {
          ╵   [32m~~~~~~~~~~~~~~~~~[0m


[31mX [41;31m[[41;97mERROR[41;31m][0m [1mTS2300: Duplicate identifier 'orderListStatuses'.[0m [1m[35m[plugin angular-compiler][0m

    src/app/features/proveedores-operaciones/proveedores-operaciones.ts:522:2:
[37m      522 │   [32morderListStatuses[37m(): OrdersListStatus[] {
          ╵   [32m~~~~~~~~~~~~~~~~~[0m


[31mX [41;31m[[41;97mERROR[41;31m][0m [1mTS2345: Argument of type 'SupplierOperationRow' is not assignable to parameter of type 'never'.[0m [1m[35m[plugin angular-compiler][0m

    src/app/features/proveedores-operaciones/proveedores-operaciones.ts:596:26:
[37m      596 │       existing.lines.push([32mrow[37m);
          ╵                           [32m~~~[0m


[31mX [41;31m[[41;97mERROR[41;31m][0m [1mTS2345: Argument of type 'SupplierOperationRow' is not assignable to parameter of type 'never'.[0m [1m[35m[plugin angular-compiler][0m

    src/app/features/proveedores-operaciones/proveedores-operaciones.ts:597:46:
[37m      597 │       existing.linesByStatus[row.status].push([32mrow[37m);
          ╵                                               [32m~~~[0m


[31mX [41;31m[[41;97mERROR[41;31m][0m [1mTS2345: Argument of type 'SupplierProductGroup | { key: string; supplierId: string; supplierName: string; productName: string; imageUrl: string | null; size: string; color: string; variant: string; ... 6 more ...; badge: GroupBadge; }' is not assignable to parameter of type 'SupplierProductGroup'.
  Property 'statusSegments' is missing in type '{ key: string; supplierId: string; supplierName: string; productName: string; imageUrl: string | null; size: string; color: string; variant: string; totalQty: number; doneQty: number; progressPct: number; countsByStatus: { ...; }; linesByStatus: { ...; }; lines: never[]; badge: GroupBadge; }' but required in type 'SupplierProductGroup'.[0m [1m[35m[plugin angular-compiler][0m

    src/app/features/proveedores-operaciones/proveedores-operaciones.ts:607:19:
[37m      607 │       map.set(key, [32mexisting[37m);
          ╵                    [32m~~~~~~~~[0m

  'statusSegments' is declared here.

    src/app/features/proveedores-operaciones/proveedores-operaciones.ts:33:2:
[37m      33 │   [32mstatusSegments[37m: ProgressSegmentStatus[];
         ╵   [32m~~~~~~~~~~~~~~[0m

[39m[22m
[1m[33m[33m▲ [43;33m[[43;30mWARNING[43;33m][0m [1mNG8102: The left side of this nullish coalescing operation does not include 'null' or 'undefined' in its type, therefore the '??' operator can be safely removed.[0m [1m[35m[plugin angular-compiler][0m

    src/app/features/pedidos/pedidos.html:79:52:
[37m      79 │ ...ount" [class.zero]="([32mcounts[intent.id] ?? 0[37m) === 0">{{ counts[i...
         ╵                         [32m~~~~~~~~~~~~~~~~~~~~~~[0m

  Warning occurs in the template of component PedidosPage.

    src/app/features/pedidos/pedidos.ts:40:15:
[37m      40 │   templateUrl: [32m"./pedidos.html"[37m,
         ╵                [32m~~~~~~~~~~~~~~~~[0m


[33m▲ [43;33m[[43;30mWARNING[43;33m][0m [1mNG8102: The left side of this nullish coalescing operation does not include 'null' or 'undefined' in its type, therefore the '??' operator can be safely removed.[0m [1m[35m[plugin angular-compiler][0m

    src/app/features/pedidos/pedidos.html:79:86:
[37m      79 │ ...counts[intent.id] ?? 0) === 0">{{ [32mcounts[intent.id] ?? 0[37m }}</span>
         ╵                                      [32m~~~~~~~~~~~~~~~~~~~~~~[0m

  Warning occurs in the template of component PedidosPage.

    src/app/features/pedidos/pedidos.ts:40:15:
[37m      40 │   templateUrl: [32m"./pedidos.html"[37m,
         ╵                [32m~~~~~~~~~~~~~~~~[0m

[39m[22m
[1m[31m[31mX [41;31m[[41;97mERROR[41;31m][0m [1mTS2339: Property 'getStatusSegments' does not exist on type 'ProveedoresOperacionesPage'.[0m [1m[35m[plugin angular-compiler][0m

    src/app/features/proveedores-operaciones/proveedores-operaciones.html:96:43:
[37m      96 │ ...        @for (segment of [32mgetStatusSegments[37m(group); track $index) {
         ╵                             [32m~~~~~~~~~~~~~~~~~[0m

  Error occurs in the template of component ProveedoresOperacionesPage.

    src/app/features/proveedores-operaciones/proveedores-operaciones.ts:72:15:
[37m      72 │   templateUrl: [32m"./proveedores-operaciones.html"[37m,
         ╵                [32m~~~~~~~~~~~~~~~~~~~~~~~~~~~~~~~~[0m


[31mX [41;31m[[41;97mERROR[41;31m][0m [1mTS2349: This expression is not callable.
  Type 'SupplierOperationStatus[]' has no call signatures.[0m [1m[35m[plugin angular-compiler][0m

    src/app/features/proveedores-operaciones/proveedores-operaciones.html:179:38:
[37m      179 │ ...             @for (status of [32morderListStatuses[37m(); track status) {
          ╵                                 [32m~~~~~~~~~~~~~~~~~[0m

  Error occurs in the template of component ProveedoresOperacionesPage.

    src/app/features/proveedores-operaciones/proveedores-operaciones.ts:72:15:
[37m      72 │   templateUrl: [32m"./proveedores-operaciones.html"[37m,
         ╵                [32m~~~~~~~~~~~~~~~~~~~~~~~~~~~~~~~~[0m


[31mX [41;31m[[41;97mERROR[41;31m][0m [1mTS2339: Property 'hasLinesForStatus' does not exist on type 'ProveedoresOperacionesPage'.[0m [1m[35m[plugin angular-compiler][0m

    src/app/features/proveedores-operaciones/proveedores-operaciones.html:180:29:
[37m      180 │                         @if ([32mhasLinesForStatus[37m(group, status)) {
          ╵                              [32m~~~~~~~~~~~~~~~~~[0m

  Error occurs in the template of component ProveedoresOperacionesPage.

    src/app/features/proveedores-operaciones/proveedores-operaciones.ts:72:15:
[37m      72 │   templateUrl: [32m"./proveedores-operaciones.html"[37m,
         ╵                [32m~~~~~~~~~~~~~~~~~~~~~~~~~~~~~~~~[0m


[31mX [41;31m[[41;97mERROR[41;31m][0m [1mTS2339: Property 'linesForStatus' does not exist on type 'ProveedoresOperacionesPage'.[0m [1m[35m[plugin angular-compiler][0m

    src/app/features/proveedores-operaciones/proveedores-operaciones.html:183:66:
[37m      183 │ ...tionTitle(status) }} ({{ [32mlinesForStatus[37m(group, status).length }})
          ╵                             [32m~~~~~~~~~~~~~~[0m

  Error occurs in the template of component ProveedoresOperacionesPage.

    src/app/features/proveedores-operaciones/proveedores-operaciones.ts:72:15:
[37m      72 │   templateUrl: [32m"./proveedores-operaciones.html"[37m,
         ╵                [32m~~~~~~~~~~~~~~~~~~~~~~~~~~~~~~~~[0m


[31mX [41;31m[[41;97mERROR[41;31m][0m [1mTS2339: Property 'linesForStatus' does not exist on type 'ProveedoresOperacionesPage'.[0m [1m[35m[plugin angular-compiler][0m

    src/app/features/proveedores-operaciones/proveedores-operaciones.html:186:44:
[37m      186 │ ...          @for (line of [32mlinesForStatus[37m(group, status); track t...
          ╵                            [32m~~~~~~~~~~~~~~[0m

  Error occurs in the template of component ProveedoresOperacionesPage.

    src/app/features/proveedores-operaciones/proveedores-operaciones.ts:72:15:
[37m      72 │   templateUrl: [32m"./proveedores-operaciones.html"[37m,
         ╵                [32m~~~~~~~~~~~~~~~~~~~~~~~~~~~~~~~~[0m


[31mX [41;31m[[41;97mERROR[41;31m][0m [1mTS2345: Argument of type 'SupplierOperationRow' is not assignable to parameter of type 'never'.[0m [1m[35m[plugin angular-compiler][0m

    src/app/features/proveedores-operaciones/proveedores-operaciones.ts:584:26:
[37m      584 │       existing.lines.push([32mrow[37m);
          ╵                           [32m~~~[0m


[31mX [41;31m[[41;97mERROR[41;31m][0m [1mTS2345: Argument of type 'SupplierOperationRow' is not assignable to parameter of type 'never'.[0m [1m[35m[plugin angular-compiler][0m

    src/app/features/proveedores-operaciones/proveedores-operaciones.ts:585:46:
[37m      585 │       existing.linesByStatus[row.status].push([32mrow[37m);
          ╵                                               [32m~~~[0m


[31mX [41;31m[[41;97mERROR[41;31m][0m [1mTS2345: Argument of type 'SupplierProductGroup | { key: string; supplierId: string; supplierName: string; productName: string; imageUrl: string | null; size: string; color: string; variant: string; ... 6 more ...; badge: GroupBadge; }' is not assignable to parameter of type 'SupplierProductGroup'.
  Property 'statusSegments' is missing in type '{ key: string; supplierId: string; supplierName: string; productName: string; imageUrl: string | null; size: string; color: string; variant: string; totalQty: number; doneQty: number; progressPct: number; countsByStatus: { ...; }; linesByStatus: { ...; }; lines: never[]; badge: GroupBadge; }' but required in type 'SupplierProductGroup'.[0m [1m[35m[plugin angular-compiler][0m

    src/app/features/proveedores-operaciones/proveedores-operaciones.ts:595:19:
[37m      595 │       map.set(key, [32mexisting[37m);
          ╵                    [32m~~~~~~~~[0m

  'statusSegments' is declared here.

    src/app/features/proveedores-operaciones/proveedores-operaciones.ts:33:2:
[37m      33 │   [32mstatusSegments[37m: ProgressSegmentStatus[];
         ╵   [32m~~~~~~~~~~~~~~[0m

[39m[22m
[1m[33m[33m▲ [43;33m[[43;30mWARNING[43;33m][0m [1mNG8102: The left side of this nullish coalescing operation does not include 'null' or 'undefined' in its type, therefore the '??' operator can be safely removed.[0m [1m[35m[plugin angular-compiler][0m

    src/app/features/pedidos/pedidos.html:79:52:
[37m      79 │ ...ount" [class.zero]="([32mcounts[intent.id] ?? 0[37m) === 0">{{ counts[i...
         ╵                         [32m~~~~~~~~~~~~~~~~~~~~~~[0m

  Warning occurs in the template of component PedidosPage.

    src/app/features/pedidos/pedidos.ts:40:15:
[37m      40 │   templateUrl: [32m"./pedidos.html"[37m,
         ╵                [32m~~~~~~~~~~~~~~~~[0m


[33m▲ [43;33m[[43;30mWARNING[43;33m][0m [1mNG8102: The left side of this nullish coalescing operation does not include 'null' or 'undefined' in its type, therefore the '??' operator can be safely removed.[0m [1m[35m[plugin angular-compiler][0m

    src/app/features/pedidos/pedidos.html:79:86:
[37m      79 │ ...counts[intent.id] ?? 0) === 0">{{ [32mcounts[intent.id] ?? 0[37m }}</span>
         ╵                                      [32m~~~~~~~~~~~~~~~~~~~~~~[0m

  Warning occurs in the template of component PedidosPage.

    src/app/features/pedidos/pedidos.ts:40:15:
[37m      40 │   templateUrl: [32m"./pedidos.html"[37m,
         ╵                [32m~~~~~~~~~~~~~~~~[0m

[39m[22m
[1m[31m[31mX [41;31m[[41;97mERROR[41;31m][0m [1mTS2339: Property 'getStatusSegments' does not exist on type 'ProveedoresOperacionesPage'.[0m [1m[35m[plugin angular-compiler][0m

    src/app/features/proveedores-operaciones/proveedores-operaciones.html:96:43:
[37m      96 │ ...        @for (segment of [32mgetStatusSegments[37m(group); track $index) {
         ╵                             [32m~~~~~~~~~~~~~~~~~[0m

  Error occurs in the template of component ProveedoresOperacionesPage.

    src/app/features/proveedores-operaciones/proveedores-operaciones.ts:72:15:
[37m      72 │   templateUrl: [32m"./proveedores-operaciones.html"[37m,
         ╵                [32m~~~~~~~~~~~~~~~~~~~~~~~~~~~~~~~~[0m


[31mX [41;31m[[41;97mERROR[41;31m][0m [1mTS2349: This expression is not callable.
  Type 'SupplierOperationStatus[]' has no call signatures.[0m [1m[35m[plugin angular-compiler][0m

    src/app/features/proveedores-operaciones/proveedores-operaciones.html:179:38:
[37m      179 │ ...             @for (status of [32morderListStatuses[37m(); track status) {
          ╵                                 [32m~~~~~~~~~~~~~~~~~[0m

  Error occurs in the template of component ProveedoresOperacionesPage.

    src/app/features/proveedores-operaciones/proveedores-operaciones.ts:72:15:
[37m      72 │   templateUrl: [32m"./proveedores-operaciones.html"[37m,
         ╵                [32m~~~~~~~~~~~~~~~~~~~~~~~~~~~~~~~~[0m


[31mX [41;31m[[41;97mERROR[41;31m][0m [1mTS2339: Property 'hasLinesForStatus' does not exist on type 'ProveedoresOperacionesPage'.[0m [1m[35m[plugin angular-compiler][0m

    src/app/features/proveedores-operaciones/proveedores-operaciones.html:180:29:
[37m      180 │                         @if ([32mhasLinesForStatus[37m(group, status)) {
          ╵                              [32m~~~~~~~~~~~~~~~~~[0m

  Error occurs in the template of component ProveedoresOperacionesPage.

    src/app/features/proveedores-operaciones/proveedores-operaciones.ts:72:15:
[37m      72 │   templateUrl: [32m"./proveedores-operaciones.html"[37m,
         ╵                [32m~~~~~~~~~~~~~~~~~~~~~~~~~~~~~~~~[0m


[31mX [41;31m[[41;97mERROR[41;31m][0m [1mTS2339: Property 'linesForStatus' does not exist on type 'ProveedoresOperacionesPage'.[0m [1m[35m[plugin angular-compiler][0m

    src/app/features/proveedores-operaciones/proveedores-operaciones.html:183:66:
[37m      183 │ ...tionTitle(status) }} ({{ [32mlinesForStatus[37m(group, status).length }})
          ╵                             [32m~~~~~~~~~~~~~~[0m

  Error occurs in the template of component ProveedoresOperacionesPage.

    src/app/features/proveedores-operaciones/proveedores-operaciones.ts:72:15:
[37m      72 │   templateUrl: [32m"./proveedores-operaciones.html"[37m,
         ╵                [32m~~~~~~~~~~~~~~~~~~~~~~~~~~~~~~~~[0m


[31mX [41;31m[[41;97mERROR[41;31m][0m [1mTS2339: Property 'linesForStatus' does not exist on type 'ProveedoresOperacionesPage'.[0m [1m[35m[plugin angular-compiler][0m

    src/app/features/proveedores-operaciones/proveedores-operaciones.html:186:44:
[37m      186 │ ...          @for (line of [32mlinesForStatus[37m(group, status); track t...
          ╵                            [32m~~~~~~~~~~~~~~[0m

  Error occurs in the template of component ProveedoresOperacionesPage.

    src/app/features/proveedores-operaciones/proveedores-operaciones.ts:72:15:
[37m      72 │   templateUrl: [32m"./proveedores-operaciones.html"[37m,
         ╵                [32m~~~~~~~~~~~~~~~~~~~~~~~~~~~~~~~~[0m

[39m[22m
[1m[33m[33m▲ [43;33m[[43;30mWARNING[43;33m][0m [1mNG8102: The left side of this nullish coalescing operation does not include 'null' or 'undefined' in its type, therefore the '??' operator can be safely removed.[0m [1m[35m[plugin angular-compiler][0m

    src/app/features/pedidos/pedidos.html:79:52:
[37m      79 │ ...ount" [class.zero]="([32mcounts[intent.id] ?? 0[37m) === 0">{{ counts[i...
         ╵                         [32m~~~~~~~~~~~~~~~~~~~~~~[0m

  Warning occurs in the template of component PedidosPage.

    src/app/features/pedidos/pedidos.ts:40:15:
[37m      40 │   templateUrl: [32m"./pedidos.html"[37m,
         ╵                [32m~~~~~~~~~~~~~~~~[0m


[33m▲ [43;33m[[43;30mWARNING[43;33m][0m [1mNG8102: The left side of this nullish coalescing operation does not include 'null' or 'undefined' in its type, therefore the '??' operator can be safely removed.[0m [1m[35m[plugin angular-compiler][0m

    src/app/features/pedidos/pedidos.html:79:86:
[37m      79 │ ...counts[intent.id] ?? 0) === 0">{{ [32mcounts[intent.id] ?? 0[37m }}</span>
         ╵                                      [32m~~~~~~~~~~~~~~~~~~~~~~[0m

  Warning occurs in the template of component PedidosPage.

    src/app/features/pedidos/pedidos.ts:40:15:
[37m      40 │   templateUrl: [32m"./pedidos.html"[37m,
         ╵                [32m~~~~~~~~~~~~~~~~[0m

[39m[22m
[1m[33m[33m▲ [43;33m[[43;30mWARNING[43;33m][0m [1mNG8102: The left side of this nullish coalescing operation does not include 'null' or 'undefined' in its type, therefore the '??' operator can be safely removed.[0m [1m[35m[plugin angular-compiler][0m

    src/app/features/pedidos/pedidos.html:79:52:
[37m      79 │ ...ount" [class.zero]="([32mcounts[intent.id] ?? 0[37m) === 0">{{ counts[i...
         ╵                         [32m~~~~~~~~~~~~~~~~~~~~~~[0m

  Warning occurs in the template of component PedidosPage.

    src/app/features/pedidos/pedidos.ts:40:15:
[37m      40 │   templateUrl: [32m"./pedidos.html"[37m,
         ╵                [32m~~~~~~~~~~~~~~~~[0m


[33m▲ [43;33m[[43;30mWARNING[43;33m][0m [1mNG8102: The left side of this nullish coalescing operation does not include 'null' or 'undefined' in its type, therefore the '??' operator can be safely removed.[0m [1m[35m[plugin angular-compiler][0m

    src/app/features/pedidos/pedidos.html:79:86:
[37m      79 │ ...counts[intent.id] ?? 0) === 0">{{ [32mcounts[intent.id] ?? 0[37m }}</span>
         ╵                                      [32m~~~~~~~~~~~~~~~~~~~~~~[0m

  Warning occurs in the template of component PedidosPage.

    src/app/features/pedidos/pedidos.ts:40:15:
[37m      40 │   templateUrl: [32m"./pedidos.html"[37m,
         ╵                [32m~~~~~~~~~~~~~~~~[0m

[39m[22m
[1m[33m[33m▲ [43;33m[[43;30mWARNING[43;33m][0m [1mNG8102: The left side of this nullish coalescing operation does not include 'null' or 'undefined' in its type, therefore the '??' operator can be safely removed.[0m [1m[35m[plugin angular-compiler][0m

    src/app/features/pedidos/pedidos.html:79:52:
[37m      79 │ ...ount" [class.zero]="([32mcounts[intent.id] ?? 0[37m) === 0">{{ counts[i...
         ╵                         [32m~~~~~~~~~~~~~~~~~~~~~~[0m

  Warning occurs in the template of component PedidosPage.

    src/app/features/pedidos/pedidos.ts:40:15:
[37m      40 │   templateUrl: [32m"./pedidos.html"[37m,
         ╵                [32m~~~~~~~~~~~~~~~~[0m


[33m▲ [43;33m[[43;30mWARNING[43;33m][0m [1mNG8102: The left side of this nullish coalescing operation does not include 'null' or 'undefined' in its type, therefore the '??' operator can be safely removed.[0m [1m[35m[plugin angular-compiler][0m

    src/app/features/pedidos/pedidos.html:79:86:
[37m      79 │ ...counts[intent.id] ?? 0) === 0">{{ [32mcounts[intent.id] ?? 0[37m }}</span>
         ╵                                      [32m~~~~~~~~~~~~~~~~~~~~~~[0m

  Warning occurs in the template of component PedidosPage.

    src/app/features/pedidos/pedidos.ts:40:15:
[37m      40 │   templateUrl: [32m"./pedidos.html"[37m,
         ╵                [32m~~~~~~~~~~~~~~~~[0m

[39m[22m
[1m[33m[33m▲ [43;33m[[43;30mWARNING[43;33m][0m [1mNG8102: The left side of this nullish coalescing operation does not include 'null' or 'undefined' in its type, therefore the '??' operator can be safely removed.[0m [1m[35m[plugin angular-compiler][0m

    src/app/features/pedidos/pedidos.html:79:52:
[37m      79 │ ...ount" [class.zero]="([32mcounts[intent.id] ?? 0[37m) === 0">{{ counts[i...
         ╵                         [32m~~~~~~~~~~~~~~~~~~~~~~[0m

  Warning occurs in the template of component PedidosPage.

    src/app/features/pedidos/pedidos.ts:40:15:
[37m      40 │   templateUrl: [32m"./pedidos.html"[37m,
         ╵                [32m~~~~~~~~~~~~~~~~[0m


[33m▲ [43;33m[[43;30mWARNING[43;33m][0m [1mNG8102: The left side of this nullish coalescing operation does not include 'null' or 'undefined' in its type, therefore the '??' operator can be safely removed.[0m [1m[35m[plugin angular-compiler][0m

    src/app/features/pedidos/pedidos.html:79:86:
[37m      79 │ ...counts[intent.id] ?? 0) === 0">{{ [32mcounts[intent.id] ?? 0[37m }}</span>
         ╵                                      [32m~~~~~~~~~~~~~~~~~~~~~~[0m

  Warning occurs in the template of component PedidosPage.

    src/app/features/pedidos/pedidos.ts:40:15:
[37m      40 │   templateUrl: [32m"./pedidos.html"[37m,
         ╵                [32m~~~~~~~~~~~~~~~~[0m

[39m[22m
[1m[33m[33m▲ [43;33m[[43;30mWARNING[43;33m][0m [1mNG8102: The left side of this nullish coalescing operation does not include 'null' or 'undefined' in its type, therefore the '??' operator can be safely removed.[0m [1m[35m[plugin angular-compiler][0m

    src/app/features/pedidos/pedidos.html:79:52:
[37m      79 │ ...ount" [class.zero]="([32mcounts[intent.id] ?? 0[37m) === 0">{{ counts[i...
         ╵                         [32m~~~~~~~~~~~~~~~~~~~~~~[0m

  Warning occurs in the template of component PedidosPage.

    src/app/features/pedidos/pedidos.ts:40:15:
[37m      40 │   templateUrl: [32m"./pedidos.html"[37m,
         ╵                [32m~~~~~~~~~~~~~~~~[0m


[33m▲ [43;33m[[43;30mWARNING[43;33m][0m [1mNG8102: The left side of this nullish coalescing operation does not include 'null' or 'undefined' in its type, therefore the '??' operator can be safely removed.[0m [1m[35m[plugin angular-compiler][0m

    src/app/features/pedidos/pedidos.html:79:86:
[37m      79 │ ...counts[intent.id] ?? 0) === 0">{{ [32mcounts[intent.id] ?? 0[37m }}</span>
         ╵                                      [32m~~~~~~~~~~~~~~~~~~~~~~[0m

  Warning occurs in the template of component PedidosPage.

    src/app/features/pedidos/pedidos.ts:40:15:
[37m      40 │   templateUrl: [32m"./pedidos.html"[37m,
         ╵                [32m~~~~~~~~~~~~~~~~[0m

[39m[22m
[1m[33m[33m▲ [43;33m[[43;30mWARNING[43;33m][0m [1mNG8102: The left side of this nullish coalescing operation does not include 'null' or 'undefined' in its type, therefore the '??' operator can be safely removed.[0m [1m[35m[plugin angular-compiler][0m

    src/app/features/pedidos/pedidos.html:79:52:
[37m      79 │ ...ount" [class.zero]="([32mcounts[intent.id] ?? 0[37m) === 0">{{ counts[i...
         ╵                         [32m~~~~~~~~~~~~~~~~~~~~~~[0m

  Warning occurs in the template of component PedidosPage.

    src/app/features/pedidos/pedidos.ts:40:15:
[37m      40 │   templateUrl: [32m"./pedidos.html"[37m,
         ╵                [32m~~~~~~~~~~~~~~~~[0m


[33m▲ [43;33m[[43;30mWARNING[43;33m][0m [1mNG8102: The left side of this nullish coalescing operation does not include 'null' or 'undefined' in its type, therefore the '??' operator can be safely removed.[0m [1m[35m[plugin angular-compiler][0m

    src/app/features/pedidos/pedidos.html:79:86:
[37m      79 │ ...counts[intent.id] ?? 0) === 0">{{ [32mcounts[intent.id] ?? 0[37m }}</span>
         ╵                                      [32m~~~~~~~~~~~~~~~~~~~~~~[0m

  Warning occurs in the template of component PedidosPage.

    src/app/features/pedidos/pedidos.ts:40:15:
[37m      40 │   templateUrl: [32m"./pedidos.html"[37m,
         ╵                [32m~~~~~~~~~~~~~~~~[0m

[39m[22m
[1m[33m[33m▲ [43;33m[[43;30mWARNING[43;33m][0m [1mNG8102: The left side of this nullish coalescing operation does not include 'null' or 'undefined' in its type, therefore the '??' operator can be safely removed.[0m [1m[35m[plugin angular-compiler][0m

    src/app/features/pedidos/pedidos.html:79:52:
[37m      79 │ ...ount" [class.zero]="([32mcounts[intent.id] ?? 0[37m) === 0">{{ counts[i...
         ╵                         [32m~~~~~~~~~~~~~~~~~~~~~~[0m

  Warning occurs in the template of component PedidosPage.

    src/app/features/pedidos/pedidos.ts:40:15:
[37m      40 │   templateUrl: [32m"./pedidos.html"[37m,
         ╵                [32m~~~~~~~~~~~~~~~~[0m


[33m▲ [43;33m[[43;30mWARNING[43;33m][0m [1mNG8102: The left side of this nullish coalescing operation does not include 'null' or 'undefined' in its type, therefore the '??' operator can be safely removed.[0m [1m[35m[plugin angular-compiler][0m

    src/app/features/pedidos/pedidos.html:79:86:
[37m      79 │ ...counts[intent.id] ?? 0) === 0">{{ [32mcounts[intent.id] ?? 0[37m }}</span>
         ╵                                      [32m~~~~~~~~~~~~~~~~~~~~~~[0m

  Warning occurs in the template of component PedidosPage.

    src/app/features/pedidos/pedidos.ts:40:15:
[37m      40 │   templateUrl: [32m"./pedidos.html"[37m,
         ╵                [32m~~~~~~~~~~~~~~~~[0m

[39m[22m
[1m[33m[33m▲ [43;33m[[43;30mWARNING[43;33m][0m [1mNG8102: The left side of this nullish coalescing operation does not include 'null' or 'undefined' in its type, therefore the '??' operator can be safely removed.[0m [1m[35m[plugin angular-compiler][0m

    src/app/features/pedidos/pedidos.html:79:52:
[37m      79 │ ...ount" [class.zero]="([32mcounts[intent.id] ?? 0[37m) === 0">{{ counts[i...
         ╵                         [32m~~~~~~~~~~~~~~~~~~~~~~[0m

  Warning occurs in the template of component PedidosPage.

    src/app/features/pedidos/pedidos.ts:41:15:
[37m      41 │   templateUrl: [32m"./pedidos.html"[37m,
         ╵                [32m~~~~~~~~~~~~~~~~[0m


[33m▲ [43;33m[[43;30mWARNING[43;33m][0m [1mNG8102: The left side of this nullish coalescing operation does not include 'null' or 'undefined' in its type, therefore the '??' operator can be safely removed.[0m [1m[35m[plugin angular-compiler][0m

    src/app/features/pedidos/pedidos.html:79:86:
[37m      79 │ ...counts[intent.id] ?? 0) === 0">{{ [32mcounts[intent.id] ?? 0[37m }}</span>
         ╵                                      [32m~~~~~~~~~~~~~~~~~~~~~~[0m

  Warning occurs in the template of component PedidosPage.

    src/app/features/pedidos/pedidos.ts:41:15:
[37m      41 │   templateUrl: [32m"./pedidos.html"[37m,
         ╵                [32m~~~~~~~~~~~~~~~~[0m

[39m[22m
[1m[33m[33m▲ [43;33m[[43;30mWARNING[43;33m][0m [1mNG8102: The left side of this nullish coalescing operation does not include 'null' or 'undefined' in its type, therefore the '??' operator can be safely removed.[0m [1m[35m[plugin angular-compiler][0m

    src/app/features/pedidos/pedidos.html:79:52:
[37m      79 │ ...ount" [class.zero]="([32mcounts[intent.id] ?? 0[37m) === 0">{{ counts[i...
         ╵                         [32m~~~~~~~~~~~~~~~~~~~~~~[0m

  Warning occurs in the template of component PedidosPage.

    src/app/features/pedidos/pedidos.ts:41:15:
[37m      41 │   templateUrl: [32m"./pedidos.html"[37m,
         ╵                [32m~~~~~~~~~~~~~~~~[0m


[33m▲ [43;33m[[43;30mWARNING[43;33m][0m [1mNG8102: The left side of this nullish coalescing operation does not include 'null' or 'undefined' in its type, therefore the '??' operator can be safely removed.[0m [1m[35m[plugin angular-compiler][0m

    src/app/features/pedidos/pedidos.html:79:86:
[37m      79 │ ...counts[intent.id] ?? 0) === 0">{{ [32mcounts[intent.id] ?? 0[37m }}</span>
         ╵                                      [32m~~~~~~~~~~~~~~~~~~~~~~[0m

  Warning occurs in the template of component PedidosPage.

    src/app/features/pedidos/pedidos.ts:41:15:
[37m      41 │   templateUrl: [32m"./pedidos.html"[37m,
         ╵                [32m~~~~~~~~~~~~~~~~[0m

[39m[22m
[1m[33m[33m▲ [43;33m[[43;30mWARNING[43;33m][0m [1mNG8102: The left side of this nullish coalescing operation does not include 'null' or 'undefined' in its type, therefore the '??' operator can be safely removed.[0m [1m[35m[plugin angular-compiler][0m

    src/app/features/pedidos/pedidos.html:79:52:
[37m      79 │ ...ount" [class.zero]="([32mcounts[intent.id] ?? 0[37m) === 0">{{ counts[i...
         ╵                         [32m~~~~~~~~~~~~~~~~~~~~~~[0m

  Warning occurs in the template of component PedidosPage.

    src/app/features/pedidos/pedidos.ts:41:15:
[37m      41 │   templateUrl: [32m"./pedidos.html"[37m,
         ╵                [32m~~~~~~~~~~~~~~~~[0m


[33m▲ [43;33m[[43;30mWARNING[43;33m][0m [1mNG8102: The left side of this nullish coalescing operation does not include 'null' or 'undefined' in its type, therefore the '??' operator can be safely removed.[0m [1m[35m[plugin angular-compiler][0m

    src/app/features/pedidos/pedidos.html:79:86:
[37m      79 │ ...counts[intent.id] ?? 0) === 0">{{ [32mcounts[intent.id] ?? 0[37m }}</span>
         ╵                                      [32m~~~~~~~~~~~~~~~~~~~~~~[0m

  Warning occurs in the template of component PedidosPage.

    src/app/features/pedidos/pedidos.ts:41:15:
[37m      41 │   templateUrl: [32m"./pedidos.html"[37m,
         ╵                [32m~~~~~~~~~~~~~~~~[0m

[39m[22m
[1m[33m[33m▲ [43;33m[[43;30mWARNING[43;33m][0m [1mNG8102: The left side of this nullish coalescing operation does not include 'null' or 'undefined' in its type, therefore the '??' operator can be safely removed.[0m [1m[35m[plugin angular-compiler][0m

    src/app/features/pedidos/pedidos.html:79:52:
[37m      79 │ ...ount" [class.zero]="([32mcounts[intent.id] ?? 0[37m) === 0">{{ counts[i...
         ╵                         [32m~~~~~~~~~~~~~~~~~~~~~~[0m

  Warning occurs in the template of component PedidosPage.

    src/app/features/pedidos/pedidos.ts:41:15:
[37m      41 │   templateUrl: [32m"./pedidos.html"[37m,
         ╵                [32m~~~~~~~~~~~~~~~~[0m


[33m▲ [43;33m[[43;30mWARNING[43;33m][0m [1mNG8102: The left side of this nullish coalescing operation does not include 'null' or 'undefined' in its type, therefore the '??' operator can be safely removed.[0m [1m[35m[plugin angular-compiler][0m

    src/app/features/pedidos/pedidos.html:79:86:
[37m      79 │ ...counts[intent.id] ?? 0) === 0">{{ [32mcounts[intent.id] ?? 0[37m }}</span>
         ╵                                      [32m~~~~~~~~~~~~~~~~~~~~~~[0m

  Warning occurs in the template of component PedidosPage.

    src/app/features/pedidos/pedidos.ts:41:15:
[37m      41 │   templateUrl: [32m"./pedidos.html"[37m,
         ╵                [32m~~~~~~~~~~~~~~~~[0m

[39m[22m
[1m[31m[31mX [41;31m[[41;97mERROR[41;31m][0m [1mTS2739: Type 'NormalizedListingDoc[]' is missing the following properties from type 'WritableSignal<NormalizedListingDoc[]>': set, update, asReadonly, [ɵWRITABLE_SIGNAL], [SIGNAL][0m [1m[35m[plugin angular-compiler][0m

    src/app/features/pedidos/pedido-detalle.ts:366:8:
[37m      366 │         [32mthis.catalogRows[37m = page.docs;
          ╵         [32m~~~~~~~~~~~~~~~~[0m


[31mX [41;31m[[41;97mERROR[41;31m][0m [1mTS2339: Property 'find' does not exist on type 'WritableSignal<NormalizedListingDoc[]>'.[0m [1m[35m[plugin angular-compiler][0m

    src/app/features/pedidos/pedido-detalle.ts:836:35:
[37m      836 │ ...const doc = this.catalogRows.[32mfind[37m((row) => row.normalized_id =...
          ╵                                 [32m~~~~[0m


[31mX [41;31m[[41;97mERROR[41;31m][0m [1mTS7006: Parameter 'row' implicitly has an 'any' type.[0m [1m[35m[plugin angular-compiler][0m

    src/app/features/pedidos/pedido-detalle.ts:836:41:
[37m      836 │ ... doc = this.catalogRows.find(([32mrow[37m) => row.normalized_id === it...
          ╵                                  [32m~~~[0m

[39m[22m
[1m[31m[31mX [41;31m[[41;97mERROR[41;31m][0m [1mTS2339: Property 'resolveItemImage' does not exist on type 'PedidoDetallePage'.[0m [1m[35m[plugin angular-compiler][0m

    src/app/features/pedidos/pedido-detalle.ts:314:33:
[37m      314 │       map.set(item.item_id, this.[32mresolveItemImage[37m(item));
          ╵                                  [32m~~~~~~~~~~~~~~~~[0m


[31mX [41;31m[[41;97mERROR[41;31m][0m [1mTS2739: Type 'NormalizedListingDoc[]' is missing the following properties from type 'WritableSignal<NormalizedListingDoc[]>': set, update, asReadonly, [ɵWRITABLE_SIGNAL], [SIGNAL][0m [1m[35m[plugin angular-compiler][0m

    src/app/features/pedidos/pedido-detalle.ts:375:8:
[37m      375 │         [32mthis.catalogRows[37m = page.docs;
          ╵         [32m~~~~~~~~~~~~~~~~[0m


[31mX [41;31m[[41;97mERROR[41;31m][0m [1mTS2339: Property 'find' does not exist on type 'WritableSignal<NormalizedListingDoc[]>'.[0m [1m[35m[plugin angular-compiler][0m

    src/app/features/pedidos/pedido-detalle.ts:845:35:
[37m      845 │ ...const doc = this.catalogRows.[32mfind[37m((row) => row.normalized_id =...
          ╵                                 [32m~~~~[0m


[31mX [41;31m[[41;97mERROR[41;31m][0m [1mTS7006: Parameter 'row' implicitly has an 'any' type.[0m [1m[35m[plugin angular-compiler][0m

    src/app/features/pedidos/pedido-detalle.ts:845:41:
[37m      845 │ ... doc = this.catalogRows.find(([32mrow[37m) => row.normalized_id === it...
          ╵                                  [32m~~~[0m

[39m[22m
[1m[31m[31mX [41;31m[[41;97mERROR[41;31m][0m [1mTS2339: Property 'resolveItemImage' does not exist on type 'PedidoDetallePage'.[0m [1m[35m[plugin angular-compiler][0m

    src/app/features/pedidos/pedido-detalle.ts:314:33:
[37m      314 │       map.set(item.item_id, this.[32mresolveItemImage[37m(item));
          ╵                                  [32m~~~~~~~~~~~~~~~~[0m


[31mX [41;31m[[41;97mERROR[41;31m][0m [1mTS2339: Property 'itemInitials' does not exist on type 'PedidoDetallePage'.[0m [1m[35m[plugin angular-compiler][0m

    src/app/features/pedidos/pedido-detalle.ts:470:27:
[37m      470 │             initials: this.[32mitemInitials[37m(item),
          ╵                            [32m~~~~~~~~~~~~[0m


[31mX [41;31m[[41;97mERROR[41;31m][0m [1mTS2339: Property 'itemInitials' does not exist on type 'PedidoDetallePage'.[0m [1m[35m[plugin angular-compiler][0m

    src/app/features/pedidos/pedido-detalle.ts:517:21:
[37m      517 │       initials: this.[32mitemInitials[37m(row.item),
          ╵                      [32m~~~~~~~~~~~~[0m


[31mX [41;31m[[41;97mERROR[41;31m][0m [1mTS2739: Type 'NormalizedListingDoc[]' is missing the following properties from type 'WritableSignal<NormalizedListingDoc[]>': set, update, asReadonly, [ɵWRITABLE_SIGNAL], [SIGNAL][0m [1m[35m[plugin angular-compiler][0m

    src/app/features/pedidos/pedido-detalle.ts:615:8:
[37m      615 │         [32mthis.catalogRows[37m = page.docs;
          ╵         [32m~~~~~~~~~~~~~~~~[0m


[31mX [41;31m[[41;97mERROR[41;31m][0m [1mTS2339: Property 'find' does not exist on type 'WritableSignal<NormalizedListingDoc[]>'.[0m [1m[35m[plugin angular-compiler][0m

    src/app/features/pedidos/pedido-detalle.ts:1085:35:
[37m      1085 │ ...const doc = this.catalogRows.[32mfind[37m((row) => row.normalized_id ...
           ╵                                 [32m~~~~[0m


[31mX [41;31m[[41;97mERROR[41;31m][0m [1mTS7006: Parameter 'row' implicitly has an 'any' type.[0m [1m[35m[plugin angular-compiler][0m

    src/app/features/pedidos/pedido-detalle.ts:1085:41:
[37m      1085 │ ...doc = this.catalogRows.find(([32mrow[37m) => row.normalized_id === it...
           ╵                                 [32m~~~[0m

[39m[22m
[1m[31m[31mX [41;31m[[41;97mERROR[41;31m][0m [1mTS2339: Property 'resolveItemImage' does not exist on type 'PedidoDetallePage'.[0m [1m[35m[plugin angular-compiler][0m

    src/app/features/pedidos/pedido-detalle.ts:314:33:
[37m      314 │       map.set(item.item_id, this.[32mresolveItemImage[37m(item));
          ╵                                  [32m~~~~~~~~~~~~~~~~[0m


[31mX [41;31m[[41;97mERROR[41;31m][0m [1mTS2339: Property 'itemInitials' does not exist on type 'PedidoDetallePage'.[0m [1m[35m[plugin angular-compiler][0m

    src/app/features/pedidos/pedido-detalle.ts:470:27:
[37m      470 │             initials: this.[32mitemInitials[37m(item),
          ╵                            [32m~~~~~~~~~~~~[0m


[31mX [41;31m[[41;97mERROR[41;31m][0m [1mTS2339: Property 'itemInitials' does not exist on type 'PedidoDetallePage'.[0m [1m[35m[plugin angular-compiler][0m

    src/app/features/pedidos/pedido-detalle.ts:517:21:
[37m      517 │       initials: this.[32mitemInitials[37m(row.item),
          ╵                      [32m~~~~~~~~~~~~[0m


[31mX [41;31m[[41;97mERROR[41;31m][0m [1mTS2339: Property 'find' does not exist on type 'WritableSignal<NormalizedListingDoc[]>'.[0m [1m[35m[plugin angular-compiler][0m

    src/app/features/pedidos/pedido-detalle.ts:1085:35:
[37m      1085 │ ...const doc = this.catalogRows.[32mfind[37m((row) => row.normalized_id ...
           ╵                                 [32m~~~~[0m


[31mX [41;31m[[41;97mERROR[41;31m][0m [1mTS7006: Parameter 'row' implicitly has an 'any' type.[0m [1m[35m[plugin angular-compiler][0m

    src/app/features/pedidos/pedido-detalle.ts:1085:41:
[37m      1085 │ ...doc = this.catalogRows.find(([32mrow[37m) => row.normalized_id === it...
           ╵                                 [32m~~~[0m

[39m[22m
[1m[33m[33m▲ [43;33m[[43;30mWARNING[43;33m][0m [1mNG8113: RouterLink is not used within the template of PedidoDetallePage[0m [1m[35m[plugin angular-compiler][0m

    src/app/features/pedidos/pedido-detalle.ts:133:25:
[37m      133 │   imports: [FormsModule, [32mRouterLink[37m, DatePipe, UpperCasePipe, Act...
          ╵                          [32m~~~~~~~~~~[0m


[33m▲ [43;33m[[43;30mWARNING[43;33m][0m [1mNG8113: DatePipe is not used within the template of PedidoDetallePage[0m [1m[35m[plugin angular-compiler][0m

    src/app/features/pedidos/pedido-detalle.ts:133:37:
[37m      133 │ ... [FormsModule, RouterLink, [32mDatePipe[37m, UpperCasePipe, ActivityLo...
          ╵                               [32m~~~~~~~~[0m


[33m▲ [43;33m[[43;30mWARNING[43;33m][0m [1mNG8113: UpperCasePipe is not used within the template of PedidoDetallePage[0m [1m[35m[plugin angular-compiler][0m

    src/app/features/pedidos/pedido-detalle.ts:133:47:
[37m      133 │ ...dule, RouterLink, DatePipe, [32mUpperCasePipe[37m, ActivityLogComponent],
          ╵                                [32m~~~~~~~~~~~~~[0m


[33m▲ [43;33m[[43;30mWARNING[43;33m][0m [1mNG8113: ActivityLogComponent is not used within the template of PedidoDetallePage[0m [1m[35m[plugin angular-compiler][0m

    src/app/features/pedidos/pedido-detalle.ts:133:62:
[37m      133 │ ...dule, RouterLink, DatePipe, UpperCasePipe, [32mActivityLogComponent[37m],
          ╵                                               [32m~~~~~~~~~~~~~~~~~~~~[0m

[39m[22m
[1m[31m[31mX [41;31m[[41;97mERROR[41;31m][0m [1mNG5002: Unclosed block "else if"[0m [1m[35m[plugin angular-compiler][0m

    src/app/features/pedidos/pedido-detalle.html:63:2:
[37m      63 │ } [32m@else if (order(); as current) {[37m
         ╵   [32m~~~~~~~~~~~~~~~~~~~~~~~~~~~~~~~~[0m

  Error occurs in the template of component PedidoDetallePage.

    src/app/features/pedidos/pedido-detalle.ts:134:15:
[37m      134 │   templateUrl: [32m"./pedido-detalle.html"[37m,
          ╵                [32m~~~~~~~~~~~~~~~~~~~~~~~[0m

[39m[22m
[1m[33m[33m▲ [43;33m[[43;30mWARNING[43;33m][0m [1mNG8113: RouterLink is not used within the template of PedidoDetallePage[0m [1m[35m[plugin angular-compiler][0m

    src/app/features/pedidos/pedido-detalle.ts:133:25:
[37m      133 │   imports: [FormsModule, [32mRouterLink[37m, DatePipe, UpperCasePipe, Act...
          ╵                          [32m~~~~~~~~~~[0m


[33m▲ [43;33m[[43;30mWARNING[43;33m][0m [1mNG8113: DatePipe is not used within the template of PedidoDetallePage[0m [1m[35m[plugin angular-compiler][0m

    src/app/features/pedidos/pedido-detalle.ts:133:37:
[37m      133 │ ... [FormsModule, RouterLink, [32mDatePipe[37m, UpperCasePipe, ActivityLo...
          ╵                               [32m~~~~~~~~[0m


[33m▲ [43;33m[[43;30mWARNING[43;33m][0m [1mNG8113: UpperCasePipe is not used within the template of PedidoDetallePage[0m [1m[35m[plugin angular-compiler][0m

    src/app/features/pedidos/pedido-detalle.ts:133:47:
[37m      133 │ ...dule, RouterLink, DatePipe, [32mUpperCasePipe[37m, ActivityLogComponent],
          ╵                                [32m~~~~~~~~~~~~~[0m


[33m▲ [43;33m[[43;30mWARNING[43;33m][0m [1mNG8113: ActivityLogComponent is not used within the template of PedidoDetallePage[0m [1m[35m[plugin angular-compiler][0m

    src/app/features/pedidos/pedido-detalle.ts:133:62:
[37m      133 │ ...dule, RouterLink, DatePipe, UpperCasePipe, [32mActivityLogComponent[37m],
          ╵                                               [32m~~~~~~~~~~~~~~~~~~~~[0m

[39m[22m
[1m[31m[31mX [41;31m[[41;97mERROR[41;31m][0m [1mNG5002: Unclosed block "else if"[0m [1m[35m[plugin angular-compiler][0m

    src/app/features/pedidos/pedido-detalle.html:63:2:
[37m      63 │ } [32m@else if (order(); as current) {[37m
         ╵   [32m~~~~~~~~~~~~~~~~~~~~~~~~~~~~~~~~[0m

  Error occurs in the template of component PedidoDetallePage.

    src/app/features/pedidos/pedido-detalle.ts:134:15:
[37m      134 │   templateUrl: [32m"./pedido-detalle.html"[37m,
          ╵                [32m~~~~~~~~~~~~~~~~~~~~~~~[0m

[39m[22m
[1m[33m[33m▲ [43;33m[[43;30mWARNING[43;33m][0m [1mNG8113: RouterLink is not used within the template of PedidoDetallePage[0m [1m[35m[plugin angular-compiler][0m

    src/app/features/pedidos/pedido-detalle.ts:133:25:
[37m      133 │   imports: [FormsModule, [32mRouterLink[37m, DatePipe, UpperCasePipe, Act...
          ╵                          [32m~~~~~~~~~~[0m


[33m▲ [43;33m[[43;30mWARNING[43;33m][0m [1mNG8113: DatePipe is not used within the template of PedidoDetallePage[0m [1m[35m[plugin angular-compiler][0m

    src/app/features/pedidos/pedido-detalle.ts:133:37:
[37m      133 │ ... [FormsModule, RouterLink, [32mDatePipe[37m, UpperCasePipe, ActivityLo...
          ╵                               [32m~~~~~~~~[0m


[33m▲ [43;33m[[43;30mWARNING[43;33m][0m [1mNG8113: UpperCasePipe is not used within the template of PedidoDetallePage[0m [1m[35m[plugin angular-compiler][0m

    src/app/features/pedidos/pedido-detalle.ts:133:47:
[37m      133 │ ...dule, RouterLink, DatePipe, [32mUpperCasePipe[37m, ActivityLogComponent],
          ╵                                [32m~~~~~~~~~~~~~[0m


[33m▲ [43;33m[[43;30mWARNING[43;33m][0m [1mNG8113: ActivityLogComponent is not used within the template of PedidoDetallePage[0m [1m[35m[plugin angular-compiler][0m

    src/app/features/pedidos/pedido-detalle.ts:133:62:
[37m      133 │ ...dule, RouterLink, DatePipe, UpperCasePipe, [32mActivityLogComponent[37m],
          ╵                                               [32m~~~~~~~~~~~~~~~~~~~~[0m

[39m[22m
[1m[31m[31mX [41;31m[[41;97mERROR[41;31m][0m [1mNG5002: Unclosed block "else if"[0m [1m[35m[plugin angular-compiler][0m

    src/app/features/pedidos/pedido-detalle.html:63:2:
[37m      63 │ } [32m@else if (order(); as current) {[37m
         ╵   [32m~~~~~~~~~~~~~~~~~~~~~~~~~~~~~~~~[0m

  Error occurs in the template of component PedidoDetallePage.

    src/app/features/pedidos/pedido-detalle.ts:134:15:
[37m      134 │   templateUrl: [32m"./pedido-detalle.html"[37m,
          ╵                [32m~~~~~~~~~~~~~~~~~~~~~~~[0m

[39m[22m
[1m[33m[33m▲ [43;33m[[43;30mWARNING[43;33m][0m [1mNG8113: RouterLink is not used within the template of PedidoDetallePage[0m [1m[35m[plugin angular-compiler][0m

    src/app/features/pedidos/pedido-detalle.ts:133:25:
[37m      133 │   imports: [FormsModule, [32mRouterLink[37m, DatePipe, UpperCasePipe, Act...
          ╵                          [32m~~~~~~~~~~[0m


[33m▲ [43;33m[[43;30mWARNING[43;33m][0m [1mNG8113: DatePipe is not used within the template of PedidoDetallePage[0m [1m[35m[plugin angular-compiler][0m

    src/app/features/pedidos/pedido-detalle.ts:133:37:
[37m      133 │ ... [FormsModule, RouterLink, [32mDatePipe[37m, UpperCasePipe, ActivityLo...
          ╵                               [32m~~~~~~~~[0m


[33m▲ [43;33m[[43;30mWARNING[43;33m][0m [1mNG8113: UpperCasePipe is not used within the template of PedidoDetallePage[0m [1m[35m[plugin angular-compiler][0m

    src/app/features/pedidos/pedido-detalle.ts:133:47:
[37m      133 │ ...dule, RouterLink, DatePipe, [32mUpperCasePipe[37m, ActivityLogComponent],
          ╵                                [32m~~~~~~~~~~~~~[0m


[33m▲ [43;33m[[43;30mWARNING[43;33m][0m [1mNG8113: ActivityLogComponent is not used within the template of PedidoDetallePage[0m [1m[35m[plugin angular-compiler][0m

    src/app/features/pedidos/pedido-detalle.ts:133:62:
[37m      133 │ ...dule, RouterLink, DatePipe, UpperCasePipe, [32mActivityLogComponent[37m],
          ╵                                               [32m~~~~~~~~~~~~~~~~~~~~[0m

[39m[22m
[1m[31m[31mX [41;31m[[41;97mERROR[41;31m][0m [1mNG5002: Unclosed block "else if"[0m [1m[35m[plugin angular-compiler][0m

    src/app/features/pedidos/pedido-detalle.html:63:2:
[37m      63 │ } [32m@else if (order(); as current) {[37m
         ╵   [32m~~~~~~~~~~~~~~~~~~~~~~~~~~~~~~~~[0m

  Error occurs in the template of component PedidoDetallePage.

    src/app/features/pedidos/pedido-detalle.ts:134:15:
[37m      134 │   templateUrl: [32m"./pedido-detalle.html"[37m,
          ╵                [32m~~~~~~~~~~~~~~~~~~~~~~~[0m

[39m[22m
[1m[33m[33m▲ [43;33m[[43;30mWARNING[43;33m][0m [1mNG8113: RouterLink is not used within the template of PedidoDetallePage[0m [1m[35m[plugin angular-compiler][0m

    src/app/features/pedidos/pedido-detalle.ts:133:25:
[37m      133 │   imports: [FormsModule, [32mRouterLink[37m, DatePipe, UpperCasePipe, Act...
          ╵                          [32m~~~~~~~~~~[0m


[33m▲ [43;33m[[43;30mWARNING[43;33m][0m [1mNG8113: DatePipe is not used within the template of PedidoDetallePage[0m [1m[35m[plugin angular-compiler][0m

    src/app/features/pedidos/pedido-detalle.ts:133:37:
[37m      133 │ ... [FormsModule, RouterLink, [32mDatePipe[37m, UpperCasePipe, ActivityLo...
          ╵                               [32m~~~~~~~~[0m


[33m▲ [43;33m[[43;30mWARNING[43;33m][0m [1mNG8113: UpperCasePipe is not used within the template of PedidoDetallePage[0m [1m[35m[plugin angular-compiler][0m

    src/app/features/pedidos/pedido-detalle.ts:133:47:
[37m      133 │ ...dule, RouterLink, DatePipe, [32mUpperCasePipe[37m, ActivityLogComponent],
          ╵                                [32m~~~~~~~~~~~~~[0m


[33m▲ [43;33m[[43;30mWARNING[43;33m][0m [1mNG8113: ActivityLogComponent is not used within the template of PedidoDetallePage[0m [1m[35m[plugin angular-compiler][0m

    src/app/features/pedidos/pedido-detalle.ts:133:62:
[37m      133 │ ...dule, RouterLink, DatePipe, UpperCasePipe, [32mActivityLogComponent[37m],
          ╵                                               [32m~~~~~~~~~~~~~~~~~~~~[0m

[39m[22m
[1m[31m[31mX [41;31m[[41;97mERROR[41;31m][0m [1mNG5002: Unclosed block "else if"[0m [1m[35m[plugin angular-compiler][0m

    src/app/features/pedidos/pedido-detalle.html:63:2:
[37m      63 │ } [32m@else if (order(); as current) {[37m
         ╵   [32m~~~~~~~~~~~~~~~~~~~~~~~~~~~~~~~~[0m

  Error occurs in the template of component PedidoDetallePage.

    src/app/features/pedidos/pedido-detalle.ts:134:15:
[37m      134 │   templateUrl: [32m"./pedido-detalle.html"[37m,
          ╵                [32m~~~~~~~~~~~~~~~~~~~~~~~[0m

[39m[22m
[1m[33m[33m▲ [43;33m[[43;30mWARNING[43;33m][0m [1mNG8113: RouterLink is not used within the template of PedidoDetallePage[0m [1m[35m[plugin angular-compiler][0m

    src/app/features/pedidos/pedido-detalle.ts:134:25:
[37m      134 │   imports: [FormsModule, [32mRouterLink[37m, DatePipe, UpperCasePipe, Act...
          ╵                          [32m~~~~~~~~~~[0m


[33m▲ [43;33m[[43;30mWARNING[43;33m][0m [1mNG8113: DatePipe is not used within the template of PedidoDetallePage[0m [1m[35m[plugin angular-compiler][0m

    src/app/features/pedidos/pedido-detalle.ts:134:37:
[37m      134 │ ... [FormsModule, RouterLink, [32mDatePipe[37m, UpperCasePipe, ActivityLo...
          ╵                               [32m~~~~~~~~[0m


[33m▲ [43;33m[[43;30mWARNING[43;33m][0m [1mNG8113: UpperCasePipe is not used within the template of PedidoDetallePage[0m [1m[35m[plugin angular-compiler][0m

    src/app/features/pedidos/pedido-detalle.ts:134:47:
[37m      134 │ ...dule, RouterLink, DatePipe, [32mUpperCasePipe[37m, ActivityLogComponent],
          ╵                                [32m~~~~~~~~~~~~~[0m


[33m▲ [43;33m[[43;30mWARNING[43;33m][0m [1mNG8113: ActivityLogComponent is not used within the template of PedidoDetallePage[0m [1m[35m[plugin angular-compiler][0m

    src/app/features/pedidos/pedido-detalle.ts:134:62:
[37m      134 │ ...dule, RouterLink, DatePipe, UpperCasePipe, [32mActivityLogComponent[37m],
          ╵                                               [32m~~~~~~~~~~~~~~~~~~~~[0m

[39m[22m
[1m[31m[31mX [41;31m[[41;97mERROR[41;31m][0m [1mNG5002: Unclosed block "else if"[0m [1m[35m[plugin angular-compiler][0m

    src/app/features/pedidos/pedido-detalle.html:63:2:
[37m      63 │ } [32m@else if (order(); as current) {[37m
         ╵   [32m~~~~~~~~~~~~~~~~~~~~~~~~~~~~~~~~[0m

  Error occurs in the template of component PedidoDetallePage.

    src/app/features/pedidos/pedido-detalle.ts:135:15:
[37m      135 │   templateUrl: [32m"./pedido-detalle.html"[37m,
          ╵                [32m~~~~~~~~~~~~~~~~~~~~~~~[0m

[39m[22m
[1m[33m[33m▲ [43;33m[[43;30mWARNING[43;33m][0m [1mNG8113: RouterLink is not used within the template of PedidoDetallePage[0m [1m[35m[plugin angular-compiler][0m

    src/app/features/pedidos/pedido-detalle.ts:134:25:
[37m      134 │   imports: [FormsModule, [32mRouterLink[37m, DatePipe, UpperCasePipe, Act...
          ╵                          [32m~~~~~~~~~~[0m


[33m▲ [43;33m[[43;30mWARNING[43;33m][0m [1mNG8113: DatePipe is not used within the template of PedidoDetallePage[0m [1m[35m[plugin angular-compiler][0m

    src/app/features/pedidos/pedido-detalle.ts:134:37:
[37m      134 │ ... [FormsModule, RouterLink, [32mDatePipe[37m, UpperCasePipe, ActivityLo...
          ╵                               [32m~~~~~~~~[0m


[33m▲ [43;33m[[43;30mWARNING[43;33m][0m [1mNG8113: UpperCasePipe is not used within the template of PedidoDetallePage[0m [1m[35m[plugin angular-compiler][0m

    src/app/features/pedidos/pedido-detalle.ts:134:47:
[37m      134 │ ...dule, RouterLink, DatePipe, [32mUpperCasePipe[37m, ActivityLogComponent],
          ╵                                [32m~~~~~~~~~~~~~[0m


[33m▲ [43;33m[[43;30mWARNING[43;33m][0m [1mNG8113: ActivityLogComponent is not used within the template of PedidoDetallePage[0m [1m[35m[plugin angular-compiler][0m

    src/app/features/pedidos/pedido-detalle.ts:134:62:
[37m      134 │ ...dule, RouterLink, DatePipe, UpperCasePipe, [32mActivityLogComponent[37m],
          ╵                                               [32m~~~~~~~~~~~~~~~~~~~~[0m

[39m[22m
[1m[31m[31mX [41;31m[[41;97mERROR[41;31m][0m [1mNG5002: Unclosed block "else if"[0m [1m[35m[plugin angular-compiler][0m

    src/app/features/pedidos/pedido-detalle.html:63:2:
[37m      63 │ } [32m@else if (order(); as current) {[37m
         ╵   [32m~~~~~~~~~~~~~~~~~~~~~~~~~~~~~~~~[0m

  Error occurs in the template of component PedidoDetallePage.

    src/app/features/pedidos/pedido-detalle.ts:135:15:
[37m      135 │   templateUrl: [32m"./pedido-detalle.html"[37m,
          ╵                [32m~~~~~~~~~~~~~~~~~~~~~~~[0m

[39m[22m
[1m[31m[31mX [41;31m[[41;97mERROR[41;31m][0m [1mTS2345: Argument of type '{ run: RouteRunDoc; stops: RouteRunStopDoc[]; }' is not assignable to parameter of type '{ run: RouteRunDoc; stops: RouteRunStopDoc[]; scheduledDateLabel: string; balanceLabel: string; }'.
  Type '{ run: RouteRunDoc; stops: RouteRunStopDoc[]; }' is missing the following properties from type '{ run: RouteRunDoc; stops: RouteRunStopDoc[]; scheduledDateLabel: string; balanceLabel: string; }': scheduledDateLabel, balanceLabel[0m [1m[35m[plugin angular-compiler][0m

    src/app/features/salidas/salidas.page.ts:111:29:
[37m      111 │       group.programados.push([32m{[37m
          ╵                              [32m^[0m

[39m[22m
[1m[31m[31mX [41;31m[[41;97mERROR[41;31m][0m [1mTS2345: Argument of type 'DispatchOrderRow' is not assignable to parameter of type 'DispatchCard'.
  Type 'DispatchOrderRow' is missing the following properties from type '{ routeName: string; customerName: string; processLabel?: string | undefined; processTone?: "confirmar" | "espera" | "empaque" | undefined; requestedRunChip?: string | null | undefined; }': routeName, customerName[0m [1m[35m[plugin angular-compiler][0m

    src/app/features/salidas/salidas.page.ts:187:48:
[37m      187 │         requestedRunChip: this.requestedRunChip([32mrow[37m),
          ╵                                                 [32m~~~[0m

[39m[22m
[1m[31m[31mX [41;31m[[41;97mERROR[41;31m][0m [1mTS2345: Argument of type 'DispatchOrderRow' is not assignable to parameter of type 'DispatchCard'.
  Type 'DispatchOrderRow' is missing the following properties from type '{ routeName: string; customerName: string; processLabel?: string | undefined; processTone?: "confirmar" | "espera" | "empaque" | undefined; requestedRunChip?: string | null | undefined; }': routeName, customerName[0m [1m[35m[plugin angular-compiler][0m

    src/app/features/salidas/salidas.page.ts:187:48:
[37m      187 │         requestedRunChip: this.requestedRunChip([32mrow[37m),
          ╵                                                 [32m~~~[0m

[39m[22m
[1m[31m[31mX [41;31m[[41;97mERROR[41;31m][0m [1mTS2345: Argument of type 'DispatchOrderRow' is not assignable to parameter of type 'DispatchCard'.
  Type 'DispatchOrderRow' is missing the following properties from type '{ routeName: string; customerName: string; processLabel?: string | undefined; processTone?: "confirmar" | "espera" | "empaque" | undefined; requestedRunChip?: string | null | undefined; }': routeName, customerName[0m [1m[35m[plugin angular-compiler][0m

    src/app/features/salidas/salidas.page.ts:187:48:
[37m      187 │         requestedRunChip: this.requestedRunChip([32mrow[37m),
          ╵                                                 [32m~~~[0m

[39m[22m
[1m[31m[31mX [41;31m[[41;97mERROR[41;31m][0m [1mTS2551: Property 'buildUserPermissionGroups' does not exist on type 'UsuariosPage'. Did you mean 'userPermissionGroups'?[0m [1m[35m[plugin angular-compiler][0m

    src/app/features/usuarios/usuarios.ts:140:39:
[37m      140 │   readonly userPermissionGroups = this.[32mbuildUserPermissionGroups[37m();
          ╵                                        [32m~~~~~~~~~~~~~~~~~~~~~~~~~[0m

  'userPermissionGroups' is declared here.

    src/app/features/usuarios/usuarios.ts:140:11:
[37m      140 │   readonly [32muserPermissionGroups[37m = this.buildUserPermissionGroups();
          ╵            [32m~~~~~~~~~~~~~~~~~~~~[0m

[39m[22m
[1m[31m[31mX [41;31m[[41;97mERROR[41;31m][0m [1mTS2551: Property 'buildUserPermissionGroups' does not exist on type 'UsuariosPage'. Did you mean 'userPermissionGroups'?[0m [1m[35m[plugin angular-compiler][0m

    src/app/features/usuarios/usuarios.ts:140:39:
[37m      140 │   readonly userPermissionGroups = this.[32mbuildUserPermissionGroups[37m();
          ╵                                        [32m~~~~~~~~~~~~~~~~~~~~~~~~~[0m

  'userPermissionGroups' is declared here.

    src/app/features/usuarios/usuarios.ts:140:11:
[37m      140 │   readonly [32muserPermissionGroups[37m = this.buildUserPermissionGroups();
          ╵            [32m~~~~~~~~~~~~~~~~~~~~[0m

[39m[22m
[1m[31m[31mX [41;31m[[41;97mERROR[41;31m][0m [1mTS2339: Property 'showInfoPopup' does not exist on type 'ReviewPage'.[0m [1m[35m[plugin angular-compiler][0m

    src/app/features/review/review.ts:773:13:
[37m      773 │         this.[32mshowInfoPopup[37m("Precio clienta no puede ser menor a p...
          ╵              [32m~~~~~~~~~~~~~[0m


[31mX [41;31m[[41;97mERROR[41;31m][0m [1mTS2339: Property 'showInfoPopup' does not exist on type 'ReviewPage'.[0m [1m[35m[plugin angular-compiler][0m

    src/app/features/review/review.ts:866:11:
[37m      866 │       this.[32mshowInfoPopup[37m("Debe haber al menos una variante.", "Ac...
          ╵            [32m~~~~~~~~~~~~~[0m


[31mX [41;31m[[41;97mERROR[41;31m][0m [1mTS2339: Property 'showInfoPopup' does not exist on type 'ReviewPage'.[0m [1m[35m[plugin angular-compiler][0m

    src/app/features/review/review.ts:939:15:
[37m      939 │           this.[32mshowInfoPopup[37m("Solo puedes asignar colores globale...
          ╵                [32m~~~~~~~~~~~~~[0m


[31mX [41;31m[[41;97mERROR[41;31m][0m [1mTS2339: Property 'showInfoPopup' does not exist on type 'ReviewPage'.[0m [1m[35m[plugin angular-compiler][0m

    src/app/features/review/review.ts:1084:11:
[37m      1084 │       this.[32mshowInfoPopup[37m(errorMsg, "Error", "error");
           ╵            [32m~~~~~~~~~~~~~[0m


[31mX [41;31m[[41;97mERROR[41;31m][0m [1mTS2339: Property 'showInfoPopup' does not exist on type 'ReviewPage'.[0m [1m[35m[plugin angular-compiler][0m

    src/app/features/review/review.ts:1106:13:
[37m      1106 │         this.[32mshowInfoPopup[37m("Agrega al menos una variante antes d...
           ╵              [32m~~~~~~~~~~~~~[0m


[31mX [41;31m[[41;97mERROR[41;31m][0m [1mTS2339: Property 'showInfoPopup' does not exist on type 'ReviewPage'.[0m [1m[35m[plugin angular-compiler][0m

    src/app/features/review/review.ts:1121:13:
[37m      1121 │         this.[32mshowInfoPopup[37m("Regla de precios inv?lida: precio fi...
           ╵              [32m~~~~~~~~~~~~~[0m


[31mX [41;31m[[41;97mERROR[41;31m][0m [1mTS2339: Property 'showInfoPopup' does not exist on type 'ReviewPage'.[0m [1m[35m[plugin angular-compiler][0m

    src/app/features/review/review.ts:1146:11:
[37m      1146 │       this.[32mshowInfoPopup[37m("No se pudo guardar: " + (e?.message ||...
           ╵            [32m~~~~~~~~~~~~~[0m


[31mX [41;31m[[41;97mERROR[41;31m][0m [1mTS2339: Property 'showInfoPopup' does not exist on type 'ReviewPage'.[0m [1m[35m[plugin angular-compiler][0m

    src/app/features/review/review.ts:1163:13:
[37m      1163 │         this.[32mshowInfoPopup[37m("Selecciona un proveedor.", "Validaci...
           ╵              [32m~~~~~~~~~~~~~[0m


[31mX [41;31m[[41;97mERROR[41;31m][0m [1mTS2339: Property 'showInfoPopup' does not exist on type 'ReviewPage'.[0m [1m[35m[plugin angular-compiler][0m

    src/app/features/review/review.ts:1178:13:
[37m      1178 │         this.[32mshowInfoPopup[37m("Agrega al menos una variante.", "Val...
           ╵              [32m~~~~~~~~~~~~~[0m

[39m[22m
[1m[31m[31mX [41;31m[[41;97mERROR[41;31m][0m [1mTS2339: Property 'reviewPriority' does not exist on type 'Inbox'.[0m [1m[35m[plugin angular-compiler][0m

    src/app/features/inbox/inbox.html:60:52:
[37m      60 │ ...t-card-priority-urgent]="[32mreviewPriority[37m(r.updated_at ?? r.creat...
         ╵                             [32m~~~~~~~~~~~~~~[0m

  Error occurs in the template of component Inbox.

    src/app/features/inbox/inbox.ts:13:15:
[37m      13 │   templateUrl: [32m'./inbox.html'[37m,
         ╵                [32m~~~~~~~~~~~~~~[0m


[31mX [41;31m[[41;97mERROR[41;31m][0m [1mTS2339: Property 'reviewPriority' does not exist on type 'Inbox'.[0m [1m[35m[plugin angular-compiler][0m

    src/app/features/inbox/inbox.html:61:52:
[37m      61 │ ...t-card-priority-recent]="[32mreviewPriority[37m(r.updated_at ?? r.creat...
         ╵                             [32m~~~~~~~~~~~~~~[0m

  Error occurs in the template of component Inbox.

    src/app/features/inbox/inbox.ts:13:15:
[37m      13 │   templateUrl: [32m'./inbox.html'[37m,
         ╵                [32m~~~~~~~~~~~~~~[0m


[31mX [41;31m[[41;97mERROR[41;31m][0m [1mTS2339: Property 'reviewPriority' does not exist on type 'Inbox'.[0m [1m[35m[plugin angular-compiler][0m

    src/app/features/inbox/inbox.html:87:55:
[37m      87 │ ...a-pill-priority-urgent]="[32mreviewPriority[37m(r.updated_at ?? r.creat...
         ╵                             [32m~~~~~~~~~~~~~~[0m

  Error occurs in the template of component Inbox.

    src/app/features/inbox/inbox.ts:13:15:
[37m      13 │   templateUrl: [32m'./inbox.html'[37m,
         ╵                [32m~~~~~~~~~~~~~~[0m


[31mX [41;31m[[41;97mERROR[41;31m][0m [1mTS2339: Property 'reviewPriority' does not exist on type 'Inbox'.[0m [1m[35m[plugin angular-compiler][0m

    src/app/features/inbox/inbox.html:88:55:
[37m      88 │ ...a-pill-priority-recent]="[32mreviewPriority[37m(r.updated_at ?? r.creat...
         ╵                             [32m~~~~~~~~~~~~~~[0m

  Error occurs in the template of component Inbox.

    src/app/features/inbox/inbox.ts:13:15:
[37m      13 │   templateUrl: [32m'./inbox.html'[37m,
         ╵                [32m~~~~~~~~~~~~~~[0m


[31mX [41;31m[[41;97mERROR[41;31m][0m [1mTS2339: Property 'reviewPriorityLabel' does not exist on type 'Inbox'.[0m [1m[35m[plugin angular-compiler][0m

    src/app/features/inbox/inbox.html:90:46:
[37m      90 │ ...n class="meta-key">{{ [32mreviewPriorityLabel[37m(r.updated_at ?? r.cre...
         ╵                          [32m~~~~~~~~~~~~~~~~~~~[0m

  Error occurs in the template of component Inbox.

    src/app/features/inbox/inbox.ts:13:15:
[37m      13 │   templateUrl: [32m'./inbox.html'[37m,
         ╵                [32m~~~~~~~~~~~~~~[0m

[39m[22m
